I,N, 07/15/2020:18:41:47,-37.3004,-32.0603
I,N, 07/15/2020:18:41:57,-36.7864,-31.6188
I,N, 07/15/2020:18:42:07,-36.2777,-31.1749
I,N, 07/15/2020:18:42:17,-35.7491,-30.7064
I,N, 07/15/2020:18:42:27,-35.2507,-30.2577
I,N, 07/15/2020:18:42:37,-34.7574,-29.8069
I,N, 07/15/2020:18:42:47,-34.2689,-29.354
I,N, 07/15/2020:18:42:58,-33.7609,-28.8761
I,N, 07/15/2020:18:43:08,-33.2819,-28.4189
I,N, 07/15/2020:18:43:18,-32.807,-27.9595
I,N, 07/15/2020:18:43:28,-32.3135,-27.4753
I,N, 07/15/2020:18:43:38,-31.8478,-27.0123
I,N, 07/15/2020:18:43:48,-31.3862,-26.5473
I,N, 07/15/2020:18:43:58,-30.9288,-26.0807
I,N, 07/15/2020:18:44:09,-30.4527,-25.5889
I,N, 07/15/2020:18:44:19,-30.0033,-25.1188
I,N, 07/15/2020:18:44:29,-29.5577,-24.6471
I,N, 07/15/2020:18:44:39,-29.1157,-24.1738
I,N, 07/15/2020:18:44:50,-28.6555,-23.6752
I,N, 07/15/2020:18:45:00,-28.2207,-23.1988
I,N, 07/15/2020:18:45:10,-27.7894,-22.7211
I,N, 07/15/2020:18:45:20,-27.3401,-22.2179
I,N, 07/15/2020:18:45:30,-26.9154,-21.7373
I,N, 07/15/2020:18:45:40,-26.4937,-21.2552
I,N, 07/15/2020:18:45:50,-26.0751,-20.772
I,N, 07/15/2020:18:46:01,-25.6387,-20.2633
I,N, 07/15/2020:18:46:11,-25.226,-19.7775
I,N, 07/15/2020:18:46:21,-24.8161,-19.2906
I,N, 07/15/2020:18:46:31,-24.4089,-18.8026
I,N, 07/15/2020:18:46:41,-23.984,-18.2891
I,N, 07/15/2020:18:46:51,-23.582,-17.7989
I,N, 07/15/2020:18:47:01,-23.1825,-17.3077
I,N, 07/15/2020:18:47:11,-22.7852,-16.8155
I,N, 07/15/2020:18:47:22,-22.3706,-16.2978
I,N, 07/15/2020:18:47:32,-21.9779,-15.8038
I,N, 07/15/2020:18:47:42,-21.5873,-15.3087
I,N, 07/15/2020:18:47:52,-21.1794,-14.7882
I,N, 07/15/2020:18:48:02,-20.7931,-14.2917
I,N, 07/15/2020:18:48:13,-20.4085,-13.7943
I,N, 07/15/2020:18:48:23,-20.0257,-13.2962
I,N, 07/15/2020:18:48:33,-19.6258,-12.7725
I,N, 07/15/2020:18:48:43,-19.2465,-12.273
I,N, 07/15/2020:18:48:53,-18.8688,-11.7728
I,N, 07/15/2020:18:49:03,-18.4926,-11.2719
I,N, 07/15/2020:18:49:14,-18.0991,-10.7452
I,N, 07/15/2020:18:49:24,-17.7257,-10.2432
I,N, 07/15/2020:18:49:34,-17.3538,-9.7407
I,N, 07/15/2020:18:49:44,-16.9646,-9.2125
I,N, 07/15/2020:18:49:54,-16.5951,-8.709
I,N, 07/15/2020:18:50:04,-16.2267,-8.2049
I,N, 07/15/2020:18:50:14,-15.8594,-7.7005
I,N, 07/15/2020:18:50:25,-15.4747,-7.1704
I,N, 07/15/2020:18:50:35,-15.1092,-6.6652
I,N, 07/15/2020:18:50:45,-14.7446,-6.1597
I,N, 07/15/2020:18:50:55,-14.3808,-5.6538
I,N, 07/15/2020:18:51:05,-13.9995,-5.1223
I,N, 07/15/2020:18:51:15,-13.637,-4.6159
I,N, 07/15/2020:18:51:26,-13.2751,-4.1092
I,N, 07/15/2020:18:51:36,-12.9137,-3.6023
I,N, 07/15/2020:18:51:46,-12.5347,-3.0699
I,N, 07/15/2020:18:51:56,-12.1741,-2.5626
I,N, 07/15/2020:18:52:06,-11.8138,-2.0552
I,N, 07/15/2020:18:52:17,-11.4358,-1.5223
I,N, 07/15/2020:18:52:27,-11.0759,-1.0146
I,N, 07/15/2020:18:52:37,-10.7162,-0.5069
I,N, 07/15/2020:18:52:47,-10.3565,0.0009
I,N, 07/15/2020:18:52:57,-9.9789,0.5339
I,N, 07/15/2020:18:53:07,-9.6191,1.0417
I,N, 07/15/2020:18:53:17,-9.2592,1.5493
I,N, 07/15/2020:18:53:27,-8.8991,2.057
I,N, 07/15/2020:18:53:38,-8.5207,2.5899
I,N, 07/15/2020:18:53:48,-8.1599,3.0974
I,N, 07/15/2020:18:53:58,-7.7988,3.6047
I,N, 07/15/2020:18:54:08,-7.4191,4.1372
I,N, 07/15/2020:18:54:18,-7.057,4.644
I,N, 07/15/2020:18:54:28,-6.6944,5.1507
I,N, 07/15/2020:18:54:39,-6.3308,5.6573
I,N, 07/15/2020:18:54:49,-5.9485,6.1888
I,N, 07/15/2020:18:54:59,-5.5836,6.6947
I,N, 07/15/2020:18:55:09,-5.2178,7.2002
I,N, 07/15/2020:18:55:19,-4.8512,7.7053
I,N, 07/15/2020:18:55:30,-4.465,8.2354
I,N, 07/15/2020:18:55:40,-4.0962,8.7398
I,N, 07/15/2020:18:55:50,-3.7264,9.2437
I,N, 07/15/2020:18:56:00,-3.3554,9.747
I,N, 07/15/2020:18:56:10,-2.9644,10.2751
I,N, 07/15/2020:18:56:20,-2.5907,10.7775
I,N, 07/15/2020:18:56:30,-2.2156,11.2794
I,N, 07/15/2020:18:56:41,-1.8201,11.8057
I,N, 07/15/2020:18:56:51,-1.4419,12.3063
I,N, 07/15/2020:18:57:01,-1.0621,12.8063
I,N, 07/15/2020:18:57:11,-0.6806,13.3057
I,N, 07/15/2020:18:57:21,-0.2781,13.8293
I,N, 07/15/2020:18:57:31,0.1072,14.3274
I,N, 07/15/2020:18:57:41,0.4943,14.8245
I,N, 07/15/2020:18:57:52,0.8834,15.3208
I,N, 07/15/2020:18:58:02,1.2942,15.8411
I,N, 07/15/2020:18:58:12,1.6876,16.3357
I,N, 07/15/2020:18:58:22,2.0832,16.8294
I,N, 07/15/2020:18:58:33,2.5011,17.3469
I,N, 07/15/2020:18:58:43,2.9015,17.8388
I,N, 07/15/2020:18:58:53,3.3044,18.3296
I,N, 07/15/2020:18:59:03,3.7098,18.8193
I,N, 07/15/2020:18:59:13,4.1383,19.3324
I,N, 07/15/2020:18:59:23,4.5492,19.82
I,N, 07/15/2020:18:59:33,4.9628,20.3064
I,N, 07/15/2020:18:59:43,5.3794,20.7917
I,N, 07/15/2020:18:59:54,5.8199,21.2998
I,N, 07/15/2020:19:00:04,6.2426,21.7825
I,N, 07/15/2020:19:00:14,6.6685,22.2639
I,N, 07/15/2020:19:00:24,7.0976,22.7439
I,N, 07/15/2020:19:00:34,7.5517,23.2464
I,N, 07/15/2020:19:00:44,7.9877,23.7235
I,N, 07/15/2020:19:00:54,8.4272,24.1992
I,N, 07/15/2020:19:01:05,8.8927,24.6971
I,N, 07/15/2020:19:01:15,9.3398,25.1697
I,N, 07/15/2020:19:01:25,9.7907,25.6406
I,N, 07/15/2020:19:01:35,10.2454,26.1098
I,N, 07/15/2020:19:01:46,10.7272,26.6007
I,N, 07/15/2020:19:01:56,11.1904,27.0664
I,N, 07/15/2020:19:02:06,11.6577,27.5303
I,N, 07/15/2020:19:02:16,12.1293,27.9922
I,N, 07/15/2020:19:02:26,12.6293,28.4753
I,N, 07/15/2020:19:02:36,13.1102,28.9334
I,N, 07/15/2020:19:02:46,13.5957,29.3893
I,N, 07/15/2020:19:02:57,14.1105,29.8658
I,N, 07/15/2020:19:03:07,14.6059,30.3175
I,N, 07/15/2020:19:03:17,15.1062,30.7669
I,N, 07/15/2020:19:03:27,15.6116,31.214
I,N, 07/15/2020:19:03:37,16.1479,31.681
I,N, 07/15/2020:19:03:47,16.664,32.1232
I,N, 07/15/2020:19:03:57,17.1856,32.5631
I,N, 07/15/2020:19:04:07,17.7128,33.0004
I,N, 07/15/2020:19:04:18,18.2724,33.4567
I,N, 07/15/2020:19:04:28,18.8113,33.8885
I,N, 07/15/2020:19:04:38,19.3561,34.3176
I,N, 07/15/2020:19:04:48,19.9069,34.7438
I,N, 07/15/2020:19:04:59,20.4919,35.1883
I,N, 07/15/2020:19:05:09,21.0555,35.6086
I,N, 07/15/2020:19:05:19,21.6255,36.0258
I,N, 07/15/2020:19:05:29,22.2309,36.4604
I,N, 07/15/2020:19:05:39,22.8141,36.871
I,N, 07/15/2020:19:05:49,23.4042,37.2783
I,N, 07/15/2020:19:05:59,24.0012,37.6822
I,N, 07/15/2020:19:06:10,24.6357,38.1027
I,N, 07/15/2020:19:06:20,25.247,38.4993
I,N, 07/15/2020:19:06:30,25.8658,38.8924
I,N, 07/15/2020:19:06:40,26.4918,39.2817
I,N, 07/15/2020:19:06:50,27.1571,39.6863
I,N, 07/15/2020:19:07:00,27.7985,40.0675
I,N, 07/15/2020:19:07:10,28.4475,40.4447
I,N, 07/15/2020:19:07:20,29.1042,40.8177
I,N, 07/15/2020:19:07:31,29.8024,41.2048
I,N, 07/15/2020:19:07:41,30.4754,41.569
I,N, 07/15/2020:19:07:51,31.1565,41.9287
I,N, 07/15/2020:19:08:02,31.8803,42.3013
I,N, 07/15/2020:19:08:12,32.5783,42.6515
I,N, 07/15/2020:19:08:22,33.2846,42.9969
I,N, 07/15/2020:19:08:32,33.9992,43.3373
I,N, 07/15/2020:19:08:42,34.7587,43.6892
I,N, 07/15/2020:19:08:52,35.4907,44.0192
I,N, 07/15/2020:19:09:02,36.2313,44.3438
I,N, 07/15/2020:19:09:12,36.9807,44.663
I,N, 07/15/2020:19:09:23,37.7769,44.9923
I,N, 07/15/2020:19:09:33,38.5443,45.3001
I,N, 07/15/2020:19:09:43,39.3203,45.6021
I,N, 07/15/2020:19:09:53,40.1445,45.9128
I,N, 07/15/2020:19:10:03,40.9386,46.2026
I,N, 07/15/2020:19:10:13,41.7414,46.4862
I,N, 07/15/2020:19:10:23,42.5529,46.7635
I,N, 07/15/2020:19:10:34,43.4144,47.0477
I,N, 07/15/2020:19:10:44,44.2438,47.3117
I,N, 07/15/2020:19:10:54,45.0822,47.5691
I,N, 07/15/2020:19:11:04,45.929,47.8197
I,N, 07/15/2020:19:11:15,46.8272,48.0753
I,N, 07/15/2020:19:11:25,47.6913,48.3115
I,N, 07/15/2020:19:11:35,48.5638,48.5405
I,N, 07/15/2020:19:11:45,49.4445,48.7623
I,N, 07/15/2020:19:11:55,50.3777,48.987
I,N, 07/15/2020:19:12:05,51.2746,49.1934
I,N, 07/15/2020:19:12:15,52.1791,49.392
I,N, 07/15/2020:19:12:26,53.1373,49.5922
I,N, 07/15/2020:19:12:36,54.0571,49.7748
I,N, 07/15/2020:19:12:46,54.9842,49.9493
I,N, 07/15/2020:19:12:56,55.918,50.1156
I,N, 07/15/2020:19:13:06,56.9057,50.2815
I,N, 07/15/2020:19:13:16,57.8529,50.4308
I,N, 07/15/2020:19:13:26,58.8062,50.5717
I,N, 07/15/2020:19:13:36,59.7652,50.7041
I,N, 07/15/2020:19:13:47,60.7781,50.8338
I,N, 07/15/2020:19:13:57,61.748,50.9484
I,N, 07/15/2020:19:14:07,62.7228,51.0542
I,N, 07/15/2020:19:14:17,63.702,51.1511
I,N, 07/15/2020:19:14:28,64.7345,51.2433
I,N, 07/15/2020:19:14:38,65.7218,51.3219
I,N, 07/15/2020:19:14:48,66.7125,51.3914
I,N, 07/15/2020:19:14:58,67.7558,51.4545
I,N, 07/15/2020:19:15:08,68.7519,51.5053
I,N, 07/15/2020:19:15:18,69.7502,51.5469
I,N, 07/15/2020:19:15:28,70.7503,51.5792
I,N, 07/15/2020:19:15:39,71.8015,51.6033
I,N, 07/15/2020:19:15:49,72.8036,51.6166
I,N, 07/15/2020:19:15:59,73.8065,51.6207
I,N, 07/15/2020:19:16:09,74.809,51.6156
I,N, 07/15/2020:19:16:19,75.8611,51.6002
I,N, 07/15/2020:19:16:29,76.8624,51.576
I,N, 07/15/2020:19:16:39,77.8623,51.5426
I,N, 07/15/2020:19:16:50,78.9103,51.4976
I,N, 07/15/2020:19:17:00,79.9062,51.4453
I,N, 07/15/2020:19:17:10,80.8995,51.3839
I,N, 07/15/2020:19:17:20,81.8899,51.3133
I,N, 07/15/2020:19:17:31,82.926,51.2295
I,N, 07/15/2020:19:17:41,83.909,51.1405
I,N, 07/15/2020:19:17:51,84.8882,51.0425
I,N, 07/15/2020:19:18:01,85.8625,50.9357
I,N, 07/15/2020:19:18:11,86.8805,50.814
I,N, 07/15/2020:19:18:21,87.8445,50.6893
I,N, 07/15/2020:19:18:31,88.803,50.5559
I,N, 07/15/2020:19:18:42,89.8031,50.4067
I,N, 07/15/2020:19:18:52,90.7491,50.2559
I,N, 07/15/2020:19:19:02,91.6889,50.0968
I,N, 07/15/2020:19:19:12,92.622,49.9295
I,N, 07/15/2020:19:19:22,93.5944,49.7451
I,N, 07/15/2020:19:19:32,94.5131,49.5612
I,N, 07/15/2020:19:19:42,95.4244,49.3694
I,N, 07/15/2020:19:19:52,96.3281,49.1699
I,N, 07/15/2020:19:20:03,97.2688,48.9521
I,N, 07/15/2020:19:20:13,98.1566,48.737
I,N, 07/15/2020:19:20:23,99.0363,48.5144
I,N, 07/15/2020:19:20:33,99.9076,48.2846
I,N, 07/15/2020:19:20:44,100.8137,48.0355
I,N, 07/15/2020:19:20:54,101.6681,47.7911
I,N, 07/15/2020:19:21:04,102.5138,47.5397
I,N, 07/15/2020:19:21:14,103.3926,47.2685
I,N, 07/15/2020:19:21:24,104.2207,47.0034
I,N, 07/15/2020:19:21:34,105.0402,46.7317
I,N, 07/15/2020:19:21:44,105.8509,46.4536
I,N, 07/15/2020:19:21:55,106.6927,46.1548
I,N, 07/15/2020:19:22:05,107.4855,45.864
I,N, 07/15/2020:19:22:15,108.2694,45.5672
I,N, 07/15/2020:19:22:25,109.083,45.2492
I,N, 07/15/2020:19:22:35,109.8489,44.9404
I,N, 07/15/2020:19:22:45,110.6061,44.626
I,N, 07/15/2020:19:22:55,111.3546,44.306
I,N, 07/15/2020:19:23:06,112.1313,43.9642
I,N, 07/15/2020:19:23:16,112.8621,43.6334
I,N, 07/15/2020:19:23:26,113.5845,43.2973
I,N, 07/15/2020:19:23:36,114.2982,42.9563
I,N, 07/15/2020:19:23:46,115.0387,42.5929
I,N, 07/15/2020:19:23:56,115.7353,42.2419
I,N, 07/15/2020:19:24:07,116.4237,41.8862
I,N, 07/15/2020:19:24:17,117.1379,41.5077
I,N, 07/15/2020:19:24:27,117.8098,41.1427
I,N, 07/15/2020:19:24:37,118.4737,40.7733
I,N, 07/15/2020:19:24:47,119.1297,40.3997
I,N, 07/15/2020:19:24:58,119.8103,40.0028
I,N, 07/15/2020:19:25:08,120.4505,39.6208
I,N, 07/15/2020:19:25:18,121.0832,39.2348
I,N, 07/15/2020:19:25:28,121.7084,38.845
I,N, 07/15/2020:19:25:38,122.357,38.4317
I,N, 07/15/2020:19:25:48,122.9674,38.0343
I,N, 07/15/2020:19:25:58,123.5709,37.6331
I,N, 07/15/2020:19:26:08,124.1672,37.2287
I,N, 07/15/2020:19:26:19,124.7859,36.8004
I,N, 07/15/2020:19:26:29,125.3683,36.3891
I,N, 07/15/2020:19:26:39,125.9442,35.9745
I,N, 07/15/2020:19:26:49,126.5418,35.5358
I,N, 07/15/2020:19:26:59,127.1044,35.1149
I,N, 07/15/2020:19:27:09,127.6608,34.6911
I,N, 07/15/2020:19:27:20,128.211,34.2644
I,N, 07/15/2020:19:27:30,128.7823,33.8133
I,N, 07/15/2020:19:27:40,129.3203,33.3809
I,N, 07/15/2020:19:27:50,129.8525,32.9458
I,N, 07/15/2020:19:28:00,130.3792,32.5081
I,N, 07/15/2020:19:28:11,130.9264,32.0455
I,N, 07/15/2020:19:28:21,131.4418,31.6027
I,N, 07/15/2020:19:28:31,131.9519,31.1575
I,N, 07/15/2020:19:28:41,132.4567,30.71
I,N, 07/15/2020:19:28:51,132.9814,30.2376
I,N, 07/15/2020:19:29:01,133.476,29.7855
I,N, 07/15/2020:19:29:11,133.9659,29.3311
I,N, 07/15/2020:19:29:22,134.475,28.8519
I,N, 07/15/2020:19:29:32,134.9552,28.3934
I,N, 07/15/2020:19:29:42,135.4309,27.9329
I,N, 07/15/2020:19:29:52,135.9021,27.4705
I,N, 07/15/2020:19:30:02,136.3923,26.983
I,N, 07/15/2020:19:30:12,136.8548,26.5168
I,N, 07/15/2020:19:30:22,137.3132,26.0489
I,N, 07/15/2020:19:30:33,137.7676,25.5793
I,N, 07/15/2020:19:30:43,138.2406,25.0844
I,N, 07/15/2020:19:30:53,138.6871,24.6115
I,N, 07/15/2020:19:31:03,139.13,24.1369
I,N, 07/15/2020:19:31:14,139.5911,23.637
I,N, 07/15/2020:19:31:24,140.0267,23.1594
I,N, 07/15/2020:19:31:34,140.4588,22.6804
I,N, 07/15/2020:19:31:44,140.8877,22.2
I,N, 07/15/2020:19:31:54,141.3345,21.6942
I,N, 07/15/2020:19:32:04,141.7568,21.211
I,N, 07/15/2020:19:32:14,142.1761,20.7267
I,N, 07/15/2020:19:32:24,142.5925,20.241
I,N, 07/15/2020:19:32:35,143.0266,19.7299
I,N, 07/15/2020:19:32:45,143.437,19.242
I,N, 07/15/2020:19:32:55,143.8449,18.7529
I,N, 07/15/2020:19:33:05,144.2502,18.2628
I,N, 07/15/2020:19:33:15,144.6729,17.7471
I,N, 07/15/2020:19:33:25,145.0731,17.2549
I,N, 07/15/2020:19:33:35,145.4709,16.7617
I,N, 07/15/2020:19:33:46,145.886,16.243
I,N, 07/15/2020:19:33:56,146.2791,15.7481
I,N, 07/15/2020:19:34:06,146.6701,15.2523
I,N, 07/15/2020:19:34:16,147.0592,14.7555
I,N, 07/15/2020:19:34:27,147.4655,14.2332
I,N, 07/15/2020:19:34:37,147.8505,13.735
I,N, 07/15/2020:19:34:47,148.2337,13.236
I,N, 07/15/2020:19:34:57,148.6151,12.7363
I,N, 07/15/2020:19:35:07,149.0139,12.211
I,N, 07/15/2020:19:35:17,149.3919,11.71
I,N, 07/15/2020:19:35:27,149.7685,11.2084
I,N, 07/15/2020:19:35:38,150.1624,10.6811
I,N, 07/15/2020:19:35:48,150.536,10.1784
I,N, 07/15/2020:19:35:58,150.9083,9.6752
I,N, 07/15/2020:19:36:08,151.2793,9.1715
I,N, 07/15/2020:19:36:18,151.6677,8.642
I,N, 07/15/2020:19:36:28,152.0365,8.1373
I,N, 07/15/2020:19:36:38,152.4042,7.6322
I,N, 07/15/2020:19:36:48,152.7709,7.1268
I,N, 07/15/2020:19:36:59,153.155,6.5957
I,N, 07/15/2020:19:37:09,153.5199,6.0896
I,N, 07/15/2020:19:37:19,153.8841,5.5832
I,N, 07/15/2020:19:37:29,154.2475,5.0765
I,N, 07/15/2020:19:37:40,154.6284,4.5443
I,N, 07/15/2020:19:37:50,154.9906,4.0371
I,N, 07/15/2020:19:38:00,155.3522,3.5299
I,N, 07/15/2020:19:38:10,155.7314,2.997
I,N, 07/15/2020:19:38:20,156.0922,2.4894
I,N, 07/15/2020:19:38:30,156.4527,1.9816
I,N, 07/15/2020:19:38:40,156.813,1.4737
I,N, 07/15/2020:19:38:51,157.1911,0.9403
I,N, 07/15/2020:19:39:01,157.551,0.4323
I,N, 07/15/2020:19:39:11,157.9109,-0.0756
I,N, 07/15/2020:19:39:21,158.2707,-0.5835
I,N, 07/15/2020:19:39:31,158.6485,-1.1168
I,N, 07/15/2020:19:39:41,159.0086,-1.6246
I,N, 07/15/2020:19:39:51,159.3688,-2.1323
I,N, 07/15/2020:19:40:02,159.7473,-2.6652
I,N, 07/15/2020:19:40:12,160.1081,-3.1726
I,N, 07/15/2020:19:40:22,160.4693,-3.6799
I,N, 07/15/2020:19:40:32,160.831,-4.1871
I,N, 07/15/2020:19:40:43,161.2114,-4.7194
I,N, 07/15/2020:19:40:53,161.5741,-5.226
I,N, 07/15/2020:19:41:03,161.9376,-5.7324
I,N, 07/15/2020:19:41:13,162.3017,-6.2384
I,N, 07/15/2020:19:41:23,162.6849,-6.7694
I,N, 07/15/2020:19:41:33,163.0507,-7.2748
I,N, 07/15/2020:19:41:43,163.4174,-7.7798
I,N, 07/15/2020:19:41:53,163.7851,-8.2843
I,N, 07/15/2020:19:42:04,164.1723,-8.8136
I,N, 07/15/2020:19:42:14,164.5422,-9.3173
I,N, 07/15/2020:19:42:24,164.9133,-9.8205
I,N, 07/15/2020:19:42:34,165.3042,-10.3482
I,N, 07/15/2020:19:42:44,165.6779,-10.8502
I,N, 07/15/2020:19:42:54,166.053,-11.3517
I,N, 07/15/2020:19:43:04,166.4296,-11.8526
I,N, 07/15/2020:19:43:15,166.8266,-12.3779
I,N, 07/15/2020:19:43:25,167.2064,-12.8775
I,N, 07/15/2020:19:43:35,167.5878,-13.3764
I,N, 07/15/2020:19:43:45,167.9711,-13.8747
I,N, 07/15/2020:19:43:56,168.3754,-14.397
I,N, 07/15/2020:19:44:06,168.7624,-14.8935
I,N, 07/15/2020:19:44:16,169.1514,-15.3893
I,N, 07/15/2020:19:44:26,169.562,-15.909
I,N, 07/15/2020:19:44:36,169.9553,-16.403
I,N, 07/15/2020:19:44:46,170.3507,-16.8961
I,N, 07/15/2020:19:44:56,170.7485,-17.3883
I,N, 07/15/2020:19:45:07,171.1687,-17.904
I,N, 07/15/2020:19:45:17,171.5714,-18.3941
I,N, 07/15/2020:19:45:27,171.9766,-18.8831
I,N, 07/15/2020:19:45:37,172.3844,-19.3711
I,N, 07/15/2020:19:45:47,172.8155,-19.8822
I,N, 07/15/2020:19:45:57,173.229,-20.3679
I,N, 07/15/2020:19:46:07,173.6453,-20.8523
I,N, 07/15/2020:19:46:18,174.0855,-21.3596
I,N, 07/15/2020:19:46:28,174.5079,-21.8414
I,N, 07/15/2020:19:46:38,174.9334,-22.3218
I,N, 07/15/2020:19:46:48,175.3622,-22.801
I,N, 07/15/2020:19:46:59,175.816,-23.3026
I,N, 07/15/2020:19:47:09,176.2517,-23.7788
I,N, 07/15/2020:19:47:19,176.6909,-24.2536
I,N, 07/15/2020:19:47:29,177.1336,-24.7267
I,N, 07/15/2020:19:47:39,177.6024,-25.2219
I,N, 07/15/2020:19:47:49,178.0528,-25.6917
I,N, 07/15/2020:19:47:59,178.5071,-26.1599
I,N, 07/15/2020:19:48:09,178.9654,-26.6264
I,N, 07/15/2020:19:48:20,179.4511,-27.1144
I,N, 07/15/2020:19:48:30,179.9179,-27.5772
I,N, 07/15/2020:19:48:40,-179.6111,-28.0381
I,N, 07/15/2020:19:48:50,-179.1118,-28.5199
I,N, 07/15/2020:19:49:00,-178.6316,-28.9768
I,N, 07/15/2020:19:49:10,-178.1468,-29.4316
I,N, 07/15/2020:19:49:20,-177.6573,-29.8843
I,N, 07/15/2020:19:49:31,-177.138,-30.3574
I,N, 07/15/2020:19:49:41,-176.6384,-30.8056
I,N, 07/15/2020:19:49:51,-176.1339,-31.2515
I,N, 07/15/2020:19:50:01,-175.6241,-31.6951
I,N, 07/15/2020:19:50:12,-175.0831,-32.1583
I,N, 07/15/2020:19:50:22,-174.5625,-32.5968
I,N, 07/15/2020:19:50:32,-174.0363,-33.0328
I,N, 07/15/2020:19:50:42,-173.4777,-33.4878
I,N, 07/15/2020:19:50:52,-172.9399,-33.9184
I,N, 07/15/2020:19:51:02,-172.3961,-34.3462
I,N, 07/15/2020:19:51:12,-171.8463,-34.7713
I,N, 07/15/2020:19:51:23,-171.2625,-35.2144
I,N, 07/15/2020:19:51:33,-170.7002,-35.6334
I,N, 07/15/2020:19:51:43,-170.1314,-36.0493
I,N, 07/15/2020:19:51:53,-169.5274,-36.4826
I,N, 07/15/2020:19:52:03,-168.9454,-36.8919
I,N, 07/15/2020:19:52:13,-168.3567,-37.2979
I,N, 07/15/2020:19:52:23,-167.7612,-37.7006
I,N, 07/15/2020:19:52:34,-167.1284,-38.1196
I,N, 07/15/2020:19:52:44,-166.5186,-38.515
I,N, 07/15/2020:19:52:54,-165.9015,-38.9068
I,N, 07/15/2020:19:53:04,-165.2773,-39.2947
I,N, 07/15/2020:19:53:14,-164.6138,-39.698
I,N, 07/15/2020:19:53:24,-163.9742,-40.0781
I,N, 07/15/2020:19:53:35,-163.327,-40.454
I,N, 07/15/2020:19:53:45,-162.6392,-40.8443
I,N, 07/15/2020:19:53:55,-161.9762,-41.2116
I,N, 07/15/2020:19:54:05,-161.3052,-41.5746
I,N, 07/15/2020:19:54:15,-160.6262,-41.9331
I,N, 07/15/2020:19:54:26,-159.9046,-42.3046
I,N, 07/15/2020:19:54:36,-159.209,-42.6536
I,N, 07/15/2020:19:54:46,-158.5052,-42.9978
I,N, 07/15/2020:19:54:56,-157.7929,-43.3371
I,N, 07/15/2020:19:55:06,-157.036,-43.688
I,N, 07/15/2020:19:55:16,-156.3065,-44.0168
I,N, 07/15/2020:19:55:26,-155.5685,-44.3404
I,N, 07/15/2020:19:55:36,-154.8219,-44.6587
I,N, 07/15/2020:19:55:47,-154.0285,-44.987
I,N, 07/15/2020:19:55:57,-153.2641,-45.2938
I,N, 07/15/2020:19:56:07,-152.491,-45.5949
I,N, 07/15/2020:19:56:17,-151.6699,-45.9048
I,N, 07/15/2020:19:56:27,-150.879,-46.1937
I,N, 07/15/2020:19:56:37,-150.0793,-46.4766
I,N, 07/15/2020:19:56:48,-149.2708,-46.7532
I,N, 07/15/2020:19:56:58,-148.4127,-47.0368
I,N, 07/15/2020:19:57:08,-147.5867,-47.3001
I,N, 07/15/2020:19:57:18,-146.7521,-47.5569
I,N, 07/15/2020:19:57:28,-145.909,-47.8069
I,N, 07/15/2020:19:57:39,-145.0146,-48.062
I,N, 07/15/2020:19:57:49,-144.1542,-48.2977
I,N, 07/15/2020:19:57:59,-143.2856,-48.5264
I,N, 07/15/2020:19:58:09,-142.3647,-48.7587
I,N, 07/15/2020:19:58:19,-141.4795,-48.9723
I,N, 07/15/2020:19:58:29,-140.5866,-49.1784
I,N, 07/15/2020:19:58:39,-139.686,-49.3769
I,N, 07/15/2020:19:58:50,-138.7325,-49.577
I,N, 07/15/2020:19:59:00,-137.8168,-49.7595
I,N, 07/15/2020:19:59:10,-136.894,-49.9341
I,N, 07/15/2020:19:59:20,-135.9644,-50.1006
I,N, 07/15/2020:19:59:30,-134.9812,-50.2666
I,N, 07/15/2020:19:59:40,-134.0383,-50.4162
I,N, 07/15/2020:19:59:50,-133.0891,-50.5575
I,N, 07/15/2020:20:00:00,-132.1344,-50.6903
I,N, 07/15/2020:20:00:11,-131.1259,-50.8205
I,N, 07/15/2020:20:00:21,-130.1604,-50.9357
I,N, 07/15/2020:20:00:31,-129.1898,-51.0421
I,N, 07/15/2020:20:00:42,-128.1662,-51.1444
I,N, 07/15/2020:20:00:52,-127.187,-51.2327
I,N, 07/15/2020:20:01:02,-126.204,-51.3122
I,N, 07/15/2020:20:01:12,-125.2178,-51.3826
I,N, 07/15/2020:20:01:22,-124.179,-51.4468
I,N, 07/15/2020:20:01:32,-123.1871,-51.4986
I,N, 07/15/2020:20:01:42,-122.1931,-51.5414
I,N, 07/15/2020:20:01:52,-121.1973,-51.575
I,N, 07/15/2020:20:02:03,-120.1502,-51.6004
I,N, 07/15/2020:20:02:13,-119.1522,-51.6151
I,N, 07/15/2020:20:02:23,-118.1537,-51.6207
I,N, 07/15/2020:20:02:33,-117.1052,-51.6166
I,N, 07/15/2020:20:02:43,-116.1071,-51.6033
I,N, 07/15/2020:20:02:53,-115.1097,-51.5808
I,N, 07/15/2020:20:03:03,-114.1135,-51.5492
I,N, 07/15/2020:20:03:14,-113.0694,-51.5061
I,N, 07/15/2020:20:03:24,-112.0771,-51.4557
I,N, 07/15/2020:20:03:34,-111.0873,-51.3962
I,N, 07/15/2020:20:03:44,-110.1003,-51.3276
I,N, 07/15/2020:20:03:55,-109.0675,-51.246
I,N, 07/15/2020:20:04:05,-108.0877,-51.159
I,N, 07/15/2020:20:04:15,-107.112,-51.0633
I,N, 07/15/2020:20:04:25,-106.1406,-50.9586
I,N, 07/15/2020:20:04:35,-105.1259,-50.8394
I,N, 07/15/2020:20:04:45,-104.1646,-50.717
I,N, 07/15/2020:20:04:55,-103.2088,-50.586
I,N, 07/15/2020:20:05:06,-102.2114,-50.4393
I,N, 07/15/2020:20:05:16,-101.2675,-50.291
I,N, 07/15/2020:20:05:26,-100.33,-50.1345
I,N, 07/15/2020:20:05:36,-99.399,-49.9697
I,N, 07/15/2020:20:05:46,-98.4286,-49.7879
I,N, 07/15/2020:20:05:56,-97.5116,-49.6066
I,N, 07/15/2020:20:06:06,-96.6023,-49.4176
I,N, 07/15/2020:20:06:16,-95.7002,-49.2207
I,N, 07/15/2020:20:06:27,-94.7613,-49.0058
I,N, 07/15/2020:20:06:37,-93.875,-48.7934
I,N, 07/15/2020:20:06:47,-92.9967,-48.5736
I,N, 07/15/2020:20:06:57,-92.1265,-48.3465
I,N, 07/15/2020:20:07:08,-91.2216,-48.1003
I,N, 07/15/2020:20:07:18,-90.3683,-47.8587
I,N, 07/15/2020:20:07:28,-89.5235,-47.6102
I,N, 07/15/2020:20:07:38,-88.6457,-47.3419
I,N, 07/15/2020:20:07:48,-87.8183,-47.0797
I,N, 07/15/2020:20:07:58,-86.9996,-46.8108
I,N, 07/15/2020:20:08:08,-86.1895,-46.5356
I,N, 07/15/2020:20:08:19,-85.3483,-46.2399
I,N, 07/15/2020:20:08:29,-84.5562,-45.952
I,N, 07/15/2020:20:08:39,-83.7726,-45.658
I,N, 07/15/2020:20:08:49,-82.9977,-45.3582
I,N, 07/15/2020:20:08:59,-82.1936,-45.0371
I,N, 07/15/2020:20:09:09,-81.4366,-44.7256
I,N, 07/15/2020:20:09:19,-80.6883,-44.4086
I,N, 07/15/2020:20:09:30,-79.9117,-44.0699
I,N, 07/15/2020:20:09:40,-79.181,-43.7419
I,N, 07/15/2020:20:09:50,-78.4587,-43.4088
I,N, 07/15/2020:20:10:00,-77.7448,-43.0706
I,N, 07/15/2020:20:10:11,-77.0041,-42.7102
I,N, 07/15/2020:20:10:21,-76.3073,-42.362
I,N, 07/15/2020:20:10:31,-75.6187,-42.0091
I,N, 07/15/2020:20:10:41,-74.9043,-41.6337
I,N, 07/15/2020:20:10:51,-74.2321,-41.2715
I,N, 07/15/2020:20:11:01,-73.5679,-40.9049
I,N, 07/15/2020:20:11:11,-72.9115,-40.5341
I,N, 07/15/2020:20:11:22,-72.2307,-40.1403
I,N, 07/15/2020:20:11:32,-71.59,-39.761
I,N, 07/15/2020:20:11:42,-70.9569,-39.3778
I,N, 07/15/2020:20:11:52,-70.3312,-38.9907
I,N, 07/15/2020:20:12:02,-69.682,-38.5802
I,N, 07/15/2020:20:12:12,-69.071,-38.1854
I,N, 07/15/2020:20:12:22,-68.4671,-37.7871
I,N, 07/15/2020:20:12:32,-67.8701,-37.3852
I,N, 07/15/2020:20:12:43,-67.2508,-36.9596
I,N, 07/15/2020:20:12:53,-66.6679,-36.5509
I,N, 07/15/2020:20:13:03,-66.0915,-36.139
I,N, 07/15/2020:20:13:14,-65.4932,-35.703
I,N, 07/15/2020:20:13:24,-64.93,-35.2847
I,N, 07/15/2020:20:13:34,-64.373,-34.8634
I,N, 07/15/2020:20:13:44,-63.8222,-34.4392
I,N, 07/15/2020:20:13:54,-63.2502,-33.9906
I,N, 07/15/2020:20:14:04,-62.7115,-33.5606
I,N, 07/15/2020:20:14:14,-62.1786,-33.1279
I,N, 07/15/2020:20:14:24,-61.6512,-32.6925
I,N, 07/15/2020:20:14:35,-61.1036,-32.2327
I,N, 07/15/2020:20:14:45,-60.5875,-31.7922
I,N, 07/15/2020:20:14:55,-60.0768,-31.3493
I,N, 07/15/2020:20:15:05,-59.5461,-30.8817
I,N, 07/15/2020:20:15:15,-59.0459,-30.434
I,N, 07/15/2020:20:15:25,-58.5506,-29.9841
I,N, 07/15/2020:20:15:35,-58.0603,-29.532
I,N, 07/15/2020:20:15:46,-57.5505,-29.0551
I,N, 07/15/2020:20:15:56,-57.0696,-28.5987
I,N, 07/15/2020:20:16:06,-56.5933,-28.1403
I,N, 07/15/2020:20:16:16,-56.1214,-27.6799
I,N, 07/15/2020:20:16:27,-55.6306,-27.1945
I,N, 07/15/2020:20:16:37,-55.1675,-26.7304
I,N, 07/15/2020:20:16:47,-54.7085,-26.2645
I,N, 07/15/2020:20:16:57,-54.2534,-25.7968
I,N, 07/15/2020:20:17:07,-53.7798,-25.3039
I,N, 07/15/2020:20:17:17,-53.3328,-24.8329
I,N, 07/15/2020:20:17:27,-52.8894,-24.3602
I,N, 07/15/2020:20:17:38,-52.4277,-23.8622
I,N, 07/15/2020:20:17:48,-51.9916,-23.3865
I,N, 07/15/2020:20:17:58,-51.5589,-22.9092
I,N, 07/15/2020:20:18:08,-51.1296,-22.4306
I,N, 07/15/2020:20:18:18,-50.6822,-21.9265
I,N, 07/15/2020:20:18:28,-50.2594,-21.445
I,N, 07/15/2020:20:18:38,-49.8397,-20.9624
I,N, 07/15/2020:20:18:48,-49.4229,-20.4784
I,N, 07/15/2020:20:18:59,-48.9884,-19.969
I,N, 07/15/2020:20:19:09,-48.5775,-19.4826
I,N, 07/15/2020:20:19:19,-48.1692,-18.9951
I,N, 07/15/2020:20:19:29,-47.7636,-18.5064
I,N, 07/15/2020:20:19:39,-47.3404,-17.9923
I,N, 07/15/2020:20:19:50,-46.9399,-17.5015
I,N, 07/15/2020:20:20:00,-46.5419,-17.0099
I,N, 07/15/2020:20:20:10,-46.1263,-16.4925
I,N, 07/15/2020:20:20:20,-45.7329,-15.9989
I,N, 07/15/2020:20:20:30,-45.3416,-15.5044
I,N, 07/15/2020:20:20:40,-44.9523,-15.009
I,N, 07/15/2020:20:20:51,-44.5457,-14.4879
I,N, 07/15/2020:20:21:01,-44.1603,-13.9907
I,N, 07/15/2020:20:21:11,-43.7768,-13.4929
I,N, 07/15/2020:20:21:21,-43.3952,-12.9944
I,N, 07/15/2020:20:21:31,-42.9962,-12.4703
I,N, 07/15/2020:20:21:41,-42.6178,-11.9702
I,N, 07/15/2020:20:21:51,-42.2411,-11.4696
I,N, 07/15/2020:20:22:02,-41.8471,-10.9434
I,N, 07/15/2020:20:22:12,-41.4733,-10.4416
I,N, 07/15/2020:20:22:22,-41.1008,-9.9392
I,N, 07/15/2020:20:22:32,-40.7296,-9.4363
I,N, 07/15/2020:20:22:42,-40.3411,-8.9078
I,N, 07/15/2020:20:22:52,-39.9723,-8.404
I,N, 07/15/2020:20:23:03,-39.6044,-7.8996
I,N, 07/15/2020:20:23:13,-39.2376,-7.3949
I,N, 07/15/2020:20:23:23,-38.8535,-6.8645
I,N, 07/15/2020:20:23:33,-38.4886,-6.3592
I,N, 07/15/2020:20:23:43,-38.1244,-5.8534
I,N, 07/15/2020:20:23:53,-37.761,-5.3473
I,N, 07/15/2020:20:24:04,-37.38,-4.8156
I,N, 07/15/2020:20:24:14,-37.0178,-4.3088
I,N, 07/15/2020:20:24:24,-36.6561,-3.8019
I,N, 07/15/2020:20:24:34,-36.2768,-3.2694
I,N, 07/15/2020:20:24:44,-35.916,-2.762
I,N, 07/15/2020:20:24:54,-35.5556,-2.2546
I,N, 07/15/2020:20:25:04,-35.1955,-1.7472
I,N, 07/15/2020:20:25:15,-34.8176,-1.2142
I,N, 07/15/2020:20:25:25,-34.4579,-0.7066
I,N, 07/15/2020:20:25:35,-34.0982,-0.1989
I,N, 07/15/2020:20:25:45,-33.7385,0.3088
I,N, 07/15/2020:20:25:55,-33.3609,0.8419
I,N, 07/15/2020:20:26:05,-33.0011,1.3496
I,N, 07/15/2020:20:26:16,-32.641,1.8573
I,N, 07/15/2020:20:26:26,-32.2628,2.3902
I,N, 07/15/2020:20:26:36,-31.9022,2.8976
I,N, 07/15/2020:20:26:46,-31.5413,3.4048
I,N, 07/15/2020:20:26:56,-31.18,3.912
I,N, 07/15/2020:20:27:07,-30.8,4.4443
I,N, 07/15/2020:20:27:17,-30.4375,4.9511
I,N, 07/15/2020:20:27:27,-30.0744,5.4577
I,N, 07/15/2020:20:27:37,-29.7106,5.9639
I,N, 07/15/2020:20:27:47,-29.3279,6.4951
I,N, 07/15/2020:20:27:57,-28.9625,7.0007
I,N, 07/15/2020:20:28:07,-28.5962,7.506
I,N, 07/15/2020:20:28:17,-28.2289,8.0109
I,N, 07/15/2020:20:28:28,-27.8422,8.5406
I,N, 07/15/2020:20:28:38,-27.4728,9.0447
I,N, 07/15/2020:20:28:48,-27.1022,9.5484
I,N, 07/15/2020:20:28:58,-26.7117,10.0768
I,N, 07/15/2020:20:29:08,-26.3385,10.5794
I,N, 07/15/2020:20:29:18,-25.9639,11.0815
I,N, 07/15/2020:20:29:29,-25.5879,11.5831
I,N, 07/15/2020:20:29:39,-25.1914,12.109
I,N, 07/15/2020:20:29:49,-24.8123,12.6092
I,N, 07/15/2020:20:29:59,-24.4315,13.1088
I,N, 07/15/2020:20:30:09,-24.0489,13.6078
I,N, 07/15/2020:20:30:20,-23.6453,14.1308
I,N, 07/15/2020:20:30:30,-23.259,14.6283
I,N, 07/15/2020:20:30:40,-22.8707,15.1249
I,N, 07/15/2020:20:30:50,-22.4608,15.6455
I,N, 07/15/2020:20:31:00,-22.0682,16.1405
I,N, 07/15/2020:20:31:10,-21.6735,16.6346
I,N, 07/15/2020:20:31:20,-21.2763,17.128
I,N, 07/15/2020:20:31:31,-20.857,17.6448
I,N, 07/15/2020:20:31:41,-20.4551,18.1359
I,N, 07/15/2020:20:31:51,-20.0507,18.6262
I,N, 07/15/2020:20:32:01,-19.6233,19.1398
I,N, 07/15/2020:20:32:11,-19.2135,19.6277
I,N, 07/15/2020:20:32:21,-18.801,20.1146
I,N, 07/15/2020:20:32:31,-18.3856,20.6003
I,N, 07/15/2020:20:32:42,-17.9462,21.109
I,N, 07/15/2020:20:32:52,-17.5248,21.5922
I,N, 07/15/2020:20:33:02,-17.1002,22.074
I,N, 07/15/2020:20:33:12,-16.6723,22.5546
I,N, 07/15/2020:20:33:23,-16.2196,23.0578
I,N, 07/15/2020:20:33:33,-15.7849,23.5355
I,N, 07/15/2020:20:33:43,-15.3468,24.0117
I,N, 07/15/2020:20:33:53,-14.9051,24.4865
I,N, 07/15/2020:20:34:03,-14.4373,24.9834
I,N, 07/15/2020:20:34:13,-13.988,25.4549
I,N, 07/15/2020:20:34:23,-13.5347,25.9248
I,N, 07/15/2020:20:34:34,-13.0546,26.4164
I,N, 07/15/2020:20:34:44,-12.5931,26.8828
I,N, 07/15/2020:20:34:54,-12.1274,27.3474
I,N, 07/15/2020:20:35:04,-11.6575,27.8102
I,N, 07/15/2020:20:35:14,-11.1592,28.2942
I,N, 07/15/2020:20:35:24,-10.6802,28.753
I,N, 07/15/2020:20:35:34,-10.1966,29.2097
I,N, 07/15/2020:20:35:44,-9.7083,29.6644
I,N, 07/15/2020:20:35:55,-9.1904,30.1395
I,N, 07/15/2020:20:36:05,-8.6921,30.5898
I,N, 07/15/2020:20:36:15,-8.1887,31.0379
I,N, 07/15/2020:20:36:25,-7.6801,31.4836
I,N, 07/15/2020:20:36:36,-7.1405,31.949
I,N, 07/15/2020:20:36:46,-6.6211,32.3898
I,N, 07/15/2020:20:36:56,-6.0961,32.8281
I,N, 07/15/2020:20:37:06,-5.5389,33.2855
I,N, 07/15/2020:20:37:16,-5.0023,33.7184
I,N, 07/15/2020:20:37:26,-4.4598,34.1486
I,N, 07/15/2020:20:37:36,-3.9115,34.5759
I,N, 07/15/2020:20:37:47,-3.3291,35.0215
I,N, 07/15/2020:20:37:57,-2.7681,35.4429
I,N, 07/15/2020:20:38:07,-2.2006,35.8614
I,N, 07/15/2020:20:38:17,-1.6268,36.2766
I,N, 07/15/2020:20:38:27,-1.0172,36.7092
I,N, 07/15/2020:20:38:37,-0.4298,37.1179
I,N, 07/15/2020:20:38:47,0.1646,37.5232
I,N, 07/15/2020:20:38:58,0.796,37.945
I,N, 07/15/2020:20:39:08,1.4047,38.3432
I,N, 07/15/2020:20:39:18,2.0204,38.7376
I,N, 07/15/2020:20:39:28,2.6436,39.1285
I,N, 07/15/2020:20:39:39,3.3056,39.5346
I,N, 07/15/2020:20:39:49,3.9439,39.9174
I,N, 07/15/2020:20:39:59,4.5898,40.2961
I,N, 07/15/2020:20:40:09,5.2436,40.6709
I,N, 07/15/2020:20:40:19,5.9386,41.0598
I,N, 07/15/2020:20:40:29,6.6084,41.4257
I,N, 07/15/2020:20:40:39,7.2863,41.7872
I,N, 07/15/2020:20:40:49,7.9723,42.144
I,N, 07/15/2020:20:41:00,8.7014,42.5138
I,N, 07/15/2020:20:41:10,9.4043,42.861
I,N, 07/15/2020:20:41:20,10.1156,43.2034
I,N, 07/15/2020:20:41:30,10.8716,43.5575
I,N, 07/15/2020:20:41:40,11.6003,43.8894
I,N, 07/15/2020:20:41:50,12.3375,44.2161
I,N, 07/15/2020:20:42:00,13.0835,44.5376
I,N, 07/15/2020:20:42:11,13.876,44.8691
I,N, 07/15/2020:20:42:21,14.6397,45.1791
I,N, 07/15/2020:20:42:31,15.4123,45.4834
I,N, 07/15/2020:20:42:41,16.1937,45.7819
I,N, 07/15/2020:20:42:52,17.0235,46.0888
I,N, 07/15/2020:20:43:02,17.8228,46.3748
I,N, 07/15/2020:20:43:12,18.6308,46.6546
I,N, 07/15/2020:20:43:22,19.4887,46.9415
I,N, 07/15/2020:20:43:32,20.3145,47.2081
I,N, 07/15/2020:20:43:42,21.1492,47.4681
I,N, 07/15/2020:20:43:52,21.9923,47.7213
I,N, 07/15/2020:20:44:03,22.8869,47.9798
I,N, 07/15/2020:20:44:13,23.7476,48.2187
I,N, 07/15/2020:20:44:23,24.6168,48.4506
I,N, 07/15/2020:20:44:33,25.4942,48.6753
I,N, 07/15/2020:20:44:43,26.424,48.9031
I,N, 07/15/2020:20:44:53,27.3179,49.1125
I,N, 07/15/2020:20:45:03,28.2194,49.3142
I,N, 07/15/2020:20:45:13,29.1285,49.5081
I,N, 07/15/2020:20:45:24,30.0913,49.7033
I,N, 07/15/2020:20:45:34,31.0153,49.881
I,N, 07/15/2020:20:45:44,31.9464,50.0506
I,N, 07/15/2020:20:45:55,32.9313,50.2199
I,N, 07/15/2020:20:46:05,33.876,50.3725
I,N, 07/15/2020:20:46:15,34.8269,50.5168
I,N, 07/15/2020:20:46:25,35.7837,50.6526
I,N, 07/15/2020:20:46:35,36.7944,50.7859
I,N, 07/15/2020:20:46:45,37.7624,50.904
I,N, 07/15/2020:20:46:55,38.7352,51.0133
I,N, 07/15/2020:20:47:05,39.7128,51.1138
I,N, 07/15/2020:20:47:16,40.7437,51.2096
I,N, 07/15/2020:20:47:26,41.7295,51.2918
I,N, 07/15/2020:20:47:36,42.7189,51.3649
I,N, 07/15/2020:20:47:46,43.761,51.4318
I,N, 07/15/2020:20:47:56,44.7562,51.4862
I,N, 07/15/2020:20:48:06,45.7541,51.5315
I,N, 07/15/2020:20:48:16,46.7534,51.5675
I,N, 07/15/2020:20:48:27,47.8044,51.5954
I,N, 07/15/2020:20:48:37,48.8063,51.6124
I,N, 07/15/2020:20:48:47,49.8088,51.6202
I,N, 07/15/2020:20:48:57,50.8116,51.6187
I,N, 07/15/2020:20:49:07,51.8642,51.6072
I,N, 07/15/2020:20:49:18,52.866,51.5867
I,N, 07/15/2020:20:49:28,53.8665,51.5569
I,N, 07/15/2020:20:49:38,54.8652,51.5179
I,N, 07/15/2020:20:49:48,55.912,51.4671
I,N, 07/15/2020:20:49:58,56.9064,51.4093
I,N, 07/15/2020:20:50:08,57.8979,51.3423
I,N, 07/15/2020:20:50:19,58.9356,51.2623
I,N, 07/15/2020:20:50:29,59.9202,51.1768
I,N, 07/15/2020:20:50:39,60.9007,51.0824
I,N, 07/15/2020:20:50:49,61.8768,50.979
I,N, 07/15/2020:20:50:59,62.8967,50.8611
I,N, 07/15/2020:20:51:09,63.863,50.7397
I,N, 07/15/2020:20:51:19,64.8237,50.6097
I,N, 07/15/2020:20:51:29,65.7787,50.4712
I,N, 07/15/2020:20:51:40,66.775,50.3166
I,N, 07/15/2020:20:51:50,67.7173,50.1608
I,N, 07/15/2020:20:52:00,68.6532,49.9967
I,N, 07/15/2020:20:52:10,69.6285,49.8157
I,N, 07/15/2020:20:52:20,70.5503,49.6349
I,N, 07/15/2020:20:52:31,71.4645,49.4463
I,N, 07/15/2020:20:52:41,72.3715,49.2497
I,N, 07/15/2020:20:52:51,73.3154,49.0351
I,N, 07/15/2020:20:53:01,74.2063,48.8229
I,N, 07/15/2020:20:53:11,75.0891,48.6033
I,N, 07/15/2020:20:53:21,75.9638,48.3764
I,N, 07/15/2020:20:53:32,76.8733,48.1303
I,N, 07/15/2020:20:53:42,77.731,47.8886
I,N, 07/15/2020:20:53:52,78.5801,47.64
I,N, 07/15/2020:20:54:02,79.4208,47.3845
I,N, 07/15/2020:20:54:12,80.2943,47.1089
I,N, 07/15/2020:20:54:22,81.1172,46.8398
I,N, 07/15/2020:20:54:32,81.9313,46.5643
I,N, 07/15/2020:20:54:43,82.7766,46.2682
I,N, 07/15/2020:20:54:53,83.5728,45.9798
I,N, 07/15/2020:20:55:03,84.3601,45.6853
I,N, 07/15/2020:20:55:13,85.1386,45.3849
I,N, 07/15/2020:20:55:23,85.9467,45.0632
I,N, 07/15/2020:20:55:33,86.7073,44.751
I,N, 07/15/2020:20:55:44,87.4592,44.4333
I,N, 07/15/2020:20:55:54,88.2025,44.1101
I,N, 07/15/2020:20:56:04,88.9736,43.765
I,N, 07/15/2020:20:56:14,89.6992,43.431
I,N, 07/15/2020:20:56:24,90.4163,43.092
I,N, 07/15/2020:20:56:35,91.1603,42.7305
I,N, 07/15/2020:20:56:45,91.8603,42.3814
I,N, 07/15/2020:20:56:55,92.5519,42.0276
I,N, 07/15/2020:20:57:05,93.2353,41.6691
I,N, 07/15/2020:20:57:15,93.9444,41.2878
I,N, 07/15/2020:20:57:25,94.6113,40.9202
I,N, 07/15/2020:20:57:35,95.2704,40.5482
I,N, 07/15/2020:20:57:45,95.9217,40.1721
I,N, 07/15/2020:20:57:56,96.5974,39.7727
I,N, 07/15/2020:20:58:06,97.233,39.3883
I,N, 07/15/2020:20:58:16,97.8612,39
I,N, 07/15/2020:20:58:26,98.482,38.6079
I,N, 07/15/2020:20:58:36,99.126,38.1923
I,N, 07/15/2020:20:58:46,99.7322,37.7927
I,N, 07/15/2020:20:58:56,100.3312,37.3896
I,N, 07/15/2020:20:59:07,100.9529,36.9626
I,N, 07/15/2020:20:59:17,101.5379,36.5526
I,N, 07/15/2020:20:59:27,102.1163,36.1393
I,N, 07/15/2020:20:59:37,102.6882,35.7229
I,N, 07/15/2020:20:59:48,103.2817,35.2823
I,N, 07/15/2020:20:59:58,103.8405,34.8597
I,N, 07/15/2020:21:00:08,104.3932,34.4341
I,N, 07/15/2020:21:00:18,104.9399,34.0055
I,N, 07/15/2020:21:00:28,105.5074,33.5527
I,N, 07/15/2020:21:00:38,106.0419,33.1187
I,N, 07/15/2020:21:00:48,106.5708,32.6819
I,N, 07/15/2020:21:00:59,107.1201,32.2207
I,N, 07/15/2020:21:01:09,107.6376,31.7788
I,N, 07/15/2020:21:01:19,108.1498,31.3345
I,N, 07/15/2020:21:01:29,108.6568,30.8879
I,N, 07/15/2020:21:01:39,109.1837,30.4163
I,N, 07/15/2020:21:01:49,109.6802,29.9651
I,N, 07/15/2020:21:01:59,110.1719,29.5116
I,N, 07/15/2020:21:02:09,110.6589,29.056
I,N, 07/15/2020:21:02:20,111.1651,28.5754
I,N, 07/15/2020:21:02:30,111.6426,28.1157
I,N, 07/15/2020:21:02:40,112.1156,27.6541
I,N, 07/15/2020:21:02:51,112.6075,27.1673
I,N, 07/15/2020:21:03:01,113.0718,26.7018
I,N, 07/15/2020:21:03:11,113.5318,26.2346
I,N, 07/15/2020:21:03:21,113.9878,25.7656
I,N, 07/15/2020:21:03:31,114.4625,25.2713
I,N, 07/15/2020:21:03:41,114.9105,24.799
I,N, 07/15/2020:21:03:51,115.3549,24.325
I,N, 07/15/2020:21:04:01,115.7955,23.8495
I,N, 07/15/2020:21:04:12,116.2545,23.3487
I,N, 07/15/2020:21:04:22,116.688,22.8701
I,N, 07/15/2020:21:04:32,117.1181,22.3903
I,N, 07/15/2020:21:04:42,117.545,21.9091
I,N, 07/15/2020:21:04:52,117.9897,21.4025
I,N, 07/15/2020:21:05:02,118.4102,20.9187
I,N, 07/15/2020:21:05:12,118.8277,20.4335
I,N, 07/15/2020:21:05:23,119.2629,19.9229
I,N, 07/15/2020:21:05:33,119.6746,19.4354
I,N, 07/15/2020:21:05:43,120.0835,18.9468
I,N, 07/15/2020:21:05:53,120.4896,18.4572
I,N, 07/15/2020:21:06:04,120.9135,17.9419
I,N, 07/15/2020:21:06:14,121.3146,17.45
I,N, 07/15/2020:21:06:24,121.7134,16.9571
I,N, 07/15/2020:21:06:34,122.1098,16.4634
I,N, 07/15/2020:21:06:44,122.5236,15.944
I,N, 07/15/2020:21:06:54,122.9155,15.4485
I,N, 07/15/2020:21:07:04,123.3052,14.9522
I,N, 07/15/2020:21:07:14,123.693,14.4551
I,N, 07/15/2020:21:07:25,124.0981,13.9323
I,N, 07/15/2020:21:07:35,124.482,13.4336
I,N, 07/15/2020:21:07:45,124.8642,12.9342
I,N, 07/15/2020:21:07:55,125.2636,12.4091
I,N, 07/15/2020:21:08:05,125.6423,11.9083
I,N, 07/15/2020:21:08:15,126.0195,11.407
I,N, 07/15/2020:21:08:25,126.3953,10.9048
I,N, 07/15/2020:21:08:36,126.7883,10.3771
I,N, 07/15/2020:21:08:46,127.1611,9.874
I,N, 07/15/2020:21:08:56,127.5327,9.3705
I,N, 07/15/2020:21:09:06,127.9031,8.8665
I,N, 07/15/2020:21:09:17,128.2907,8.3367
I,N, 07/15/2020:21:09:27,128.6588,7.8318
I,N, 07/15/2020:21:09:37,129.0259,7.3266
I,N, 07/15/2020:21:09:47,129.392,6.821
I,N, 07/15/2020:21:09:57,129.7755,6.2897
I,N, 07/15/2020:21:10:07,130.14,5.7834
I,N, 07/15/2020:21:10:17,130.5037,5.2768
I,N, 07/15/2020:21:10:28,130.8849,4.7447
I,N, 07/15/2020:21:10:38,131.2472,4.2376
I,N, 07/15/2020:21:10:48,131.6092,3.7303
I,N, 07/15/2020:21:10:58,131.9705,3.2229
I,N, 07/15/2020:21:11:08,132.3495,2.69
I,N, 07/15/2020:21:11:18,132.7102,2.1822
I,N, 07/15/2020:21:11:28,133.0705,1.6744
I,N, 07/15/2020:21:11:38,133.4306,1.1665
I,N, 07/15/2020:21:11:49,133.8085,0.6332
I,N, 07/15/2020:21:11:59,134.1683,0.1253
I,N, 07/15/2020:21:12:09,134.5281,-0.3826
I,N, 07/15/2020:21:12:20,134.906,-0.9159
I,N, 07/15/2020:21:12:30,135.266,-1.4237
I,N, 07/15/2020:21:12:40,135.6261,-1.9315
I,N, 07/15/2020:21:12:50,135.9865,-2.4392
I,N, 07/15/2020:21:13:00,136.3652,-2.9721
I,N, 07/15/2020:21:13:10,136.7262,-3.4794
I,N, 07/15/2020:21:13:20,137.0877,-3.9866
I,N, 07/15/2020:21:13:30,137.4498,-4.4937
I,N, 07/15/2020:21:13:41,137.8304,-5.0257
I,N, 07/15/2020:21:13:51,138.1936,-5.5322
I,N, 07/15/2020:21:14:01,138.5574,-6.0384
I,N, 07/15/2020:21:14:11,138.9221,-6.5442
I,N, 07/15/2020:21:14:21,139.3058,-7.075
I,N, 07/15/2020:21:14:31,139.6721,-7.5801
I,N, 07/15/2020:21:14:41,140.0394,-8.0849
I,N, 07/15/2020:21:14:52,140.4262,-8.6144
I,N, 07/15/2020:21:15:02,140.7956,-9.1182
I,N, 07/15/2020:21:15:12,141.1662,-9.6216
I,N, 07/15/2020:21:15:22,141.5381,-10.1245
I,N, 07/15/2020:21:15:33,141.9299,-10.6519
I,N, 07/15/2020:21:15:43,142.3044,-11.1537
I,N, 07/15/2020:21:15:53,142.6804,-11.6548
I,N, 07/15/2020:21:16:03,143.0579,-12.1553
I,N, 07/15/2020:21:16:13,143.456,-12.6802
I,N, 07/15/2020:21:16:23,143.8367,-13.1794
I,N, 07/15/2020:21:16:33,144.2192,-13.6778
I,N, 07/15/2020:21:16:44,144.6227,-14.2004
I,N, 07/15/2020:21:16:54,145.009,-14.6973
I,N, 07/15/2020:21:17:04,145.3972,-15.1934
I,N, 07/15/2020:21:17:14,145.7874,-15.6887
I,N, 07/15/2020:21:17:24,146.1994,-16.2079
I,N, 07/15/2020:21:17:34,146.594,-16.7013
I,N, 07/15/2020:21:17:44,146.9908,-17.1938
I,N, 07/15/2020:21:17:54,147.39,-17.6854
I,N, 07/15/2020:21:18:05,147.8118,-18.2006
I,N, 07/15/2020:21:18:15,148.216,-18.69
I,N, 07/15/2020:21:18:25,148.6228,-19.1785
I,N, 07/15/2020:21:18:35,149.0323,-19.6658
I,N, 07/15/2020:21:18:46,149.4651,-20.1762
I,N, 07/15/2020:21:18:56,149.8803,-20.6611
I,N, 07/15/2020:21:19:06,150.2983,-21.1448
I,N, 07/15/2020:21:19:16,150.7406,-21.6514
I,N, 07/15/2020:21:19:26,151.1649,-22.1324
I,N, 07/15/2020:21:19:36,151.5925,-22.6121
I,N, 07/15/2020:21:19:46,152.0232,-23.0904
I,N, 07/15/2020:21:19:57,152.4792,-23.5911
I,N, 07/15/2020:21:20:07,152.917,-24.0665
I,N, 07/15/2020:21:20:17,153.3583,-24.5403
I,N, 07/15/2020:21:20:27,153.8257,-25.0361
I,N, 07/15/2020:21:20:37,154.2747,-25.5068
I,N, 07/15/2020:21:20:47,154.7274,-25.9757
I,N, 07/15/2020:21:20:57,155.1841,-26.4428
I,N, 07/15/2020:21:21:08,155.6679,-26.9314
I,N, 07/15/2020:21:21:18,156.133,-27.3949
I,N, 07/15/2020:21:21:28,156.6023,-27.8564
I,N, 07/15/2020:21:21:38,157.0761,-28.3162
I,N, 07/15/2020:21:21:49,157.5783,-28.7968
I,N, 07/15/2020:21:21:59,158.0613,-29.2525
I,N, 07/15/2020:21:22:09,158.5489,-29.706
I,N, 07/15/2020:21:22:19,159.0664,-30.1803
I,N, 07/15/2020:21:22:29,159.564,-30.6294
I,N, 07/15/2020:21:22:39,160.0666,-31.0762
I,N, 07/15/2020:21:22:49,160.5744,-31.5208
I,N, 07/15/2020:21:23:00,161.1132,-31.985
I,N, 07/15/2020:21:23:10,161.6318,-32.4246
I,N, 07/15/2020:21:23:20,162.1558,-32.8616
I,N, 07/15/2020:21:23:30,162.6855,-33.296
I,N, 07/15/2020:21:23:40,163.2478,-33.7494
I,N, 07/15/2020:21:23:50,163.7891,-34.1783
I,N, 07/15/2020:21:24:00,164.3365,-34.6044
I,N, 07/15/2020:21:24:10,164.8899,-35.0277
I,N, 07/15/2020:21:24:21,165.4777,-35.4689
I,N, 07/15/2020:21:24:31,166.0438,-35.886
I,N, 07/15/2020:21:24:41,166.6164,-36.3
I,N, 07/15/2020:21:24:51,167.2247,-36.7313
I,N, 07/15/2020:21:25:02,167.8108,-37.1387
I,N, 07/15/2020:21:25:12,168.4037,-37.5427
I,N, 07/15/2020:21:25:22,169.0035,-37.9433
I,N, 07/15/2020:21:25:32,169.6409,-38.3601
I,N, 07/15/2020:21:25:42,170.2551,-38.7534
I,N, 07/15/2020:21:25:52,170.8765,-39.1428
I,N, 07/15/2020:21:26:02,171.5053,-39.5285
I,N, 07/15/2020:21:26:13,172.1735,-39.9292
I,N, 07/15/2020:21:26:23,172.8176,-40.3068
I,N, 07/15/2020:21:26:33,173.4694,-40.6802
I,N, 07/15/2020:21:26:43,174.129,-41.0494
I,N, 07/15/2020:21:26:53,174.8301,-41.4325
I,N, 07/15/2020:21:27:03,175.5059,-41.7928
I,N, 07/15/2020:21:27:13,176.1898,-42.1485
I,N, 07/15/2020:21:27:24,176.9167,-42.5171
I,N, 07/15/2020:21:27:34,177.6174,-42.8633
I,N, 07/15/2020:21:27:44,178.3264,-43.2045
I,N, 07/15/2020:21:27:54,179.0438,-43.5409
I,N, 07/15/2020:21:28:04,179.8061,-43.8884
I,N, 07/15/2020:21:28:14,-179.459,-44.2142
I,N, 07/15/2020:21:28:25,-178.7156,-44.5346
I,N, 07/15/2020:21:28:35,-177.9636,-44.8496
I,N, 07/15/2020:21:28:45,-177.1648,-45.1743
I,N, 07/15/2020:21:28:55,-176.3952,-45.4776
I,N, 07/15/2020:21:29:05,-175.6168,-45.7752
I,N, 07/15/2020:21:29:16,-174.7901,-46.0813
I,N, 07/15/2020:21:29:26,-173.9939,-46.3665
I,N, 07/15/2020:21:29:36,-173.189,-46.6455
I,N, 07/15/2020:21:29:46,-172.3754,-46.9182
I,N, 07/15/2020:21:29:56,-171.5119,-47.1976
I,N, 07/15/2020:21:30:06,-170.6806,-47.457
I,N, 07/15/2020:21:30:16,-169.8405,-47.7097
I,N, 07/15/2020:21:30:26,-168.9923,-47.9555
I,N, 07/15/2020:21:30:37,-168.0926,-48.2062
I,N, 07/15/2020:21:30:47,-167.2272,-48.4376
I,N, 07/15/2020:21:30:57,-166.3535,-48.6619
I,N, 07/15/2020:21:31:07,-165.4717,-48.8788
I,N, 07/15/2020:21:31:17,-164.5377,-49.0985
I,N, 07/15/2020:21:31:27,-163.6398,-49.3001
I,N, 07/15/2020:21:31:38,-162.7345,-49.4939
I,N, 07/15/2020:21:31:48,-161.7763,-49.689
I,N, 07/15/2020:21:31:58,-160.8563,-49.8667
I,N, 07/15/2020:21:32:08,-159.9294,-50.0363
I,N, 07/15/2020:21:32:18,-158.9958,-50.1979
I,N, 07/15/2020:21:32:29,-158.0082,-50.3587
I,N, 07/15/2020:21:32:39,-157.0615,-50.5032
I,N, 07/15/2020:21:32:49,-156.1089,-50.6393
I,N, 07/15/2020:21:32:59,-155.1509,-50.7669
I,N, 07/15/2020:21:33:09,-154.1392,-50.8916
I,N, 07/15/2020:21:33:19,-153.1701,-51.0015
I,N, 07/15/2020:21:33:29,-152.1968,-51.1026
I,N, 07/15/2020:21:33:39,-151.2194,-51.1949
I,N, 07/15/2020:21:33:50,-150.1891,-51.2822
I,N, 07/15/2020:21:34:00,-149.2042,-51.3561
I,N, 07/15/2020:21:34:10,-148.2161,-51.421
I,N, 07/15/2020:21:34:20,-147.1757,-51.4794
I,N, 07/15/2020:21:34:30,-146.1819,-51.5258
I,N, 07/15/2020:21:34:40,-145.1868,-51.5629
I,N, 07/15/2020:21:34:51,-144.1901,-51.591
I,N, 07/15/2020:21:35:01,-143.1424,-51.6105
I,N, 07/15/2020:21:35:11,-142.144,-51.6196
I,N, 07/15/2020:21:35:21,-141.1456,-51.6196
I,N, 07/15/2020:21:35:31,-140.1473,-51.6103
I,N, 07/15/2020:21:35:42,-139.0997,-51.5907
I,N, 07/15/2020:21:35:52,-138.1029,-51.5626
I,N, 07/15/2020:21:36:02,-137.1078,-51.5254
I,N, 07/15/2020:21:36:12,-136.0647,-51.4764
I,N, 07/15/2020:21:36:22,-135.0739,-51.4205
I,N, 07/15/2020:21:36:32,-134.0859,-51.3555
I,N, 07/15/2020:21:36:42,-133.1011,-51.2815
I,N, 07/15/2020:21:36:53,-132.0707,-51.1941
I,N, 07/15/2020:21:37:03,-131.0935,-51.1018
I,N, 07/15/2020:21:37:13,-130.1202,-51.0006
I,N, 07/15/2020:21:37:23,-129.1517,-50.8907
I,N, 07/15/2020:21:37:33,-128.1401,-50.7659
I,N, 07/15/2020:21:37:43,-127.1821,-50.6382
I,N, 07/15/2020:21:37:53,-126.2296,-50.5021
I,N, 07/15/2020:21:38:04,-125.283,-50.3574
I,N, 07/15/2020:21:38:14,-124.2959,-50.1966
I,N, 07/15/2020:21:38:24,-123.3623,-50.0351
I,N, 07/15/2020:21:38:34,-122.4352,-49.8653
I,N, 07/15/2020:21:38:45,-121.4696,-49.6785
I,N, 07/15/2020:21:38:55,-120.5572,-49.4924
I,N, 07/15/2020:21:39:05,-119.6522,-49.2986
I,N, 07/15/2020:21:39:15,-118.7548,-49.0971
I,N, 07/15/2020:21:39:25,-117.8208,-48.8773
I,N, 07/15/2020:21:39:35,-116.9395,-48.6604
I,N, 07/15/2020:21:39:45,-116.0661,-48.4361
I,N, 07/15/2020:21:39:55,-115.2009,-48.2047
I,N, 07/15/2020:21:40:06,-114.3014,-47.9541
I,N, 07/15/2020:21:40:16,-113.4534,-47.7083
I,N, 07/15/2020:21:40:26,-112.6137,-47.4556
I,N, 07/15/2020:21:40:36,-111.7413,-47.1831
I,N, 07/15/2020:21:40:46,-110.9193,-46.9168
I,N, 07/15/2020:21:40:56,-110.1057,-46.6441
I,N, 07/15/2020:21:41:06,-109.301,-46.3651
I,N, 07/15/2020:21:41:17,-108.4654,-46.0654
I,N, 07/15/2020:21:41:27,-107.6785,-45.7738
I,N, 07/15/2020:21:41:37,-106.9002,-45.4763
I,N, 07/15/2020:21:41:47,-106.1308,-45.1729
I,N, 07/15/2020:21:41:58,-105.332,-44.8482
I,N, 07/15/2020:21:42:08,-104.5802,-44.5333
I,N, 07/15/2020:21:42:18,-103.8371,-44.2129
I,N, 07/15/2020:21:42:28,-103.1026,-43.8873
I,N, 07/15/2020:21:42:38,-102.3405,-43.5397
I,N, 07/15/2020:21:42:48,-101.6233,-43.2035
I,N, 07/15/2020:21:42:58,-100.9145,-42.8623
I,N, 07/15/2020:21:43:09,-100.1792,-42.4988
I,N, 07/15/2020:21:43:19,-99.4872,-42.1477
I,N, 07/15/2020:21:43:29,-98.8035,-41.792
I,N, 07/15/2020:21:43:39,-98.1278,-41.4318
I,N, 07/15/2020:21:43:49,-97.4269,-41.0488
I,N, 07/15/2020:21:43:59,-96.7675,-40.6796
I,N, 07/15/2020:21:44:09,-96.1158,-40.3062
I,N, 07/15/2020:21:44:19,-95.4718,-39.9288
I,N, 07/15/2020:21:44:30,-94.8037,-39.5281
I,N, 07/15/2020:21:44:40,-94.1751,-39.1425
I,N, 07/15/2020:21:44:50,-93.5538,-38.7531
I,N, 07/15/2020:21:45:01,-92.9092,-38.3402
I,N, 07/15/2020:21:45:11,-92.3025,-37.9431
I,N, 07/15/2020:21:45:21,-91.7029,-37.5427
I,N, 07/15/2020:21:45:31,-91.11,-37.1387
I,N, 07/15/2020:21:45:41,-90.4949,-36.7109
I,N, 07/15/2020:21:45:51,-89.916,-36.3002
I,N, 07/15/2020:21:46:01,-89.3435,-35.8863
I,N, 07/15/2020:21:46:11,-88.7775,-35.4693
I,N, 07/15/2020:21:46:22,-88.1899,-35.0282
I,N, 07/15/2020:21:46:32,-87.6367,-34.6051
I,N, 07/15/2020:21:46:42,-87.0895,-34.1791
I,N, 07/15/2020:21:46:52,-86.5482,-33.7503
I,N, 07/15/2020:21:47:02,-85.9861,-33.2971
I,N, 07/15/2020:21:47:12,-85.4566,-32.8628
I,N, 07/15/2020:21:47:22,-84.9327,-32.4258
I,N, 07/15/2020:21:47:33,-84.3885,-31.9644
I,N, 07/15/2020:21:47:43,-83.8757,-31.5224
I,N, 07/15/2020:21:47:53,-83.3681,-31.078
I,N, 07/15/2020:21:48:03,-82.8656,-30.6313
I,N, 07/15/2020:21:48:14,-82.3434,-30.1599
I,N, 07/15/2020:21:48:24,-81.8511,-29.7086
I,N, 07/15/2020:21:48:34,-81.3636,-29.2552
I,N, 07/15/2020:21:48:44,-80.8807,-28.7997
I,N, 07/15/2020:21:48:54,-80.3787,-28.3193
I,N, 07/15/2020:21:49:04,-79.9051,-27.8596
I,N, 07/15/2020:21:49:14,-79.4357,-27.3981
I,N, 07/15/2020:21:49:24,-78.9708,-26.9347
I,N, 07/15/2020:21:49:35,-78.487,-26.4462
I,N, 07/15/2020:21:49:45,-78.0304,-25.9792
I,N, 07/15/2020:21:49:55,-77.5778,-25.5105
I,N, 07/15/2020:21:50:05,-77.1067,-25.0166
I,N, 07/15/2020:21:50:15,-76.6619,-24.5446
I,N, 07/15/2020:21:50:25,-76.2207,-24.071
I,N, 07/15/2020:21:50:35,-75.783,-23.5958
I,N, 07/15/2020:21:50:46,-75.3273,-23.0953
I,N, 07/15/2020:21:50:56,-74.8966,-22.6172
I,N, 07/15/2020:21:51:06,-74.4693,-22.1377
I,N, 07/15/2020:21:51:16,-74.0451,-21.6568
I,N, 07/15/2020:21:51:27,-73.6031,-21.1506
I,N, 07/15/2020:21:51:37,-73.1851,-20.6671
I,N, 07/15/2020:21:51:47,-72.7701,-20.1823
I,N, 07/15/2020:21:51:57,-72.3374,-19.6722
I,N, 07/15/2020:21:52:07,-71.928,-19.185
I,N, 07/15/2020:21:52:17,-71.5214,-18.6968
I,N, 07/15/2020:21:52:27,-71.1173,-18.2075
I,N, 07/15/2020:21:52:38,-70.6957,-17.6927
I,N, 07/15/2020:21:52:48,-70.2967,-17.2013
I,N, 07/15/2020:21:52:58,-69.9,-16.7089
I,N, 07/15/2020:21:53:08,-69.5054,-16.2156
I,N, 07/15/2020:21:53:18,-69.0936,-15.6967
I,N, 07/15/2020:21:53:28,-68.7035,-15.2016
I,N, 07/15/2020:21:53:38,-68.3155,-14.7057
I,N, 07/15/2020:21:53:48,-67.9293,-14.2089
I,N, 07/15/2020:21:53:59,-67.5258,-13.6865
I,N, 07/15/2020:21:54:09,-67.1435,-13.1883
I,N, 07/15/2020:21:54:19,-66.7628,-12.6892
I,N, 07/15/2020:21:54:30,-66.3648,-12.1645
I,N, 07/15/2020:21:54:40,-65.9874,-11.6641
I,N, 07/15/2020:21:54:50,-65.6116,-11.1632
I,N, 07/15/2020:21:55:00,-65.2372,-10.6617
I,N, 07/15/2020:21:55:10,-64.8455,-10.1344
I,N, 07/15/2020:21:55:20,-64.4739,-9.6318
I,N, 07/15/2020:21:55:30,-64.1034,-9.1287
I,N, 07/15/2020:21:55:40,-63.7342,-8.6251
I,N, 07/15/2020:21:55:51,-63.3475,-8.0958
I,N, 07/15/2020:21:56:01,-62.9804,-7.5913
I,N, 07/15/2020:21:56:11,-62.6141,-7.0863
I,N, 07/15/2020:21:56:21,-62.2305,-6.5557
I,N, 07/15/2020:21:56:31,-61.8661,-6.0501
I,N, 07/15/2020:21:56:41,-61.5024,-5.5441
I,N, 07/15/2020:21:56:51,-61.1394,-5.038
I,N, 07/15/2020:21:57:02,-60.7589,-4.5061
I,N, 07/15/2020:21:57:12,-60.3971,-3.9994
I,N, 07/15/2020:21:57:22,-60.0358,-3.4924
I,N, 07/15/2020:21:57:32,-59.6749,-2.9853
I,N, 07/15/2020:21:57:43,-59.2964,-2.4527
I,N, 07/15/2020:21:57:53,-58.9362,-1.9452
I,N, 07/15/2020:21:58:03,-58.5763,-1.4377
I,N, 07/15/2020:21:58:13,-58.1984,-0.9047
I,N, 07/15/2020:21:58:23,-57.8387,-0.397
I,N, 07/15/2020:21:58:33,-57.4791,0.1107
I,N, 07/15/2020:21:58:43,-57.1194,0.6184
I,N, 07/15/2020:21:58:54,-56.7417,1.1515
I,N, 07/15/2020:21:59:04,-56.3817,1.6592
I,N, 07/15/2020:21:59:14,-56.0215,2.1668
I,N, 07/15/2020:21:59:24,-55.6611,2.6743
I,N, 07/15/2020:21:59:34,-55.2823,3.2071
I,N, 07/15/2020:21:59:44,-54.9211,3.7144
I,N, 07/15/2020:21:59:54,-54.5594,4.2214
I,N, 07/15/2020:22:00:04,-54.1446,4.788
I,N, 07/15/2020:22:00:15,-53.7635,5.3199
I,N, 07/15/2020:22:00:25,-53.3999,5.8262
I,N, 07/15/2020:22:00:35,-53.0355,6.3324
I,N, 07/15/2020:22:00:45,-52.652,6.8635
I,N, 07/15/2020:22:00:56,-52.2859,7.3688
I,N, 07/15/2020:22:01:06,-51.9188,7.874
I,N, 07/15/2020:22:01:16,-51.5507,8.3787
I,N, 07/15/2020:22:01:26,-51.1631,8.9082
I,N, 07/15/2020:22:01:36,-50.7927,9.4121
I,N, 07/15/2020:22:01:46,-50.4212,9.9154
I,N, 07/15/2020:22:01:56,-50.0484,10.4182
I,N, 07/15/2020:22:02:07,-49.6555,10.9455
I,N, 07/15/2020:22:02:17,-49.2799,11.4472
I,N, 07/15/2020:22:02:27,-48.9027,11.9484
I,N, 07/15/2020:22:02:37,-48.505,12.474
I,N, 07/15/2020:22:02:47,-48.1245,12.9739
I,N, 07/15/2020:22:02:57,-47.7423,13.473
I,N, 07/15/2020:22:03:07,-47.3582,13.9717
I,N, 07/15/2020:22:03:18,-46.9531,14.4943
I,N, 07/15/2020:22:03:28,-46.5653,14.9912
I,N, 07/15/2020:22:03:38,-46.1755,15.4872
I,N, 07/15/2020:22:03:48,-45.7836,15.9825
I,N, 07/15/2020:22:03:58,-45.3697,16.5016
I,N, 07/15/2020:22:04:09,-44.9734,16.995
I,N, 07/15/2020:22:04:19,-44.5746,17.4876
I,N, 07/15/2020:22:04:29,-44.1734,17.9791
I,N, 07/15/2020:22:04:39,-43.7495,18.4943
I,N, 07/15/2020:22:04:49,-43.3431,18.9838
I,N, 07/15/2020:22:04:59,-42.9341,19.4722
I,N, 07/15/2020:22:05:10,-42.5017,19.9838
I,N, 07/15/2020:22:05:20,-42.087,20.4699
I,N, 07/15/2020:22:05:30,-41.6694,20.9547
I,N, 07/15/2020:22:05:40,-41.2488,21.4384
I,N, 07/15/2020:22:05:50,-40.8039,21.9448
I,N, 07/15/2020:22:06:00,-40.3769,22.4257
I,N, 07/15/2020:22:06:10,-39.9467,22.9053
I,N, 07/15/2020:22:06:20,-39.5131,23.3835
I,N, 07/15/2020:22:06:31,-39.0541,23.884
I,N, 07/15/2020:22:06:41,-38.6134,24.3591
I,N, 07/15/2020:22:06:51,-38.1689,24.8328
I,N, 07/15/2020:22:07:01,-37.6982,25.3285
I,N, 07/15/2020:22:07:11,-37.2459,25.7989
I,N, 07/15/2020:22:07:22,-36.7898,26.2676
I,N, 07/15/2020:22:07:32,-36.3295,26.7346
I,N, 07/15/2020:22:07:42,-35.8418,27.223
I,N, 07/15/2020:22:07:52,-35.373,27.6862
I,N, 07/15/2020:22:08:02,-34.8999,28.1476
I,N, 07/15/2020:22:08:12,-34.4223,28.607
I,N, 07/15/2020:22:08:23,-33.9158,29.0872
I,N, 07/15/2020:22:08:33,-33.4288,29.5425
I,N, 07/15/2020:22:08:43,-32.9369,29.9956
I,N, 07/15/2020:22:08:53,-32.4401,30.4466
I,N, 07/15/2020:22:09:03,-31.9131,30.9178
I,N, 07/15/2020:22:09:13,-31.406,31.3641
I,N, 07/15/2020:22:09:23,-30.8936,31.8081
I,N, 07/15/2020:22:09:34,-30.3498,32.2717
I,N, 07/15/2020:22:09:44,-29.8263,32.7106
I,N, 07/15/2020:22:09:54,-29.2972,33.147
I,N, 07/15/2020:22:10:04,-28.7625,33.5807
I,N, 07/15/2020:22:10:14,-28.1946,34.0333
I,N, 07/15/2020:22:10:24,-27.6478,34.4614
I,N, 07/15/2020:22:10:34,-27.0948,34.8867
I,N, 07/15/2020:22:10:45,-26.5358,35.309
I,N, 07/15/2020:22:10:55,-25.9419,35.7493
I,N, 07/15/2020:22:11:05,-25.3698,36.1654
I,N, 07/15/2020:22:11:15,-24.7909,36.5785
I,N, 07/15/2020:22:11:26,-24.176,37.0086
I,N, 07/15/2020:22:11:36,-23.5835,37.4149
I,N, 07/15/2020:22:11:46,-22.9841,37.8177
I,N, 07/15/2020:22:11:56,-22.3776,38.2169
I,N, 07/15/2020:22:12:06,-21.7333,38.6322
I,N, 07/15/2020:22:12:16,-21.1118,39.0242
I,N, 07/15/2020:22:12:26,-20.4832,39.4122
I,N, 07/15/2020:22:12:36,-19.8472,39.7963
I,N, 07/15/2020:22:12:47,-19.1713,40.1952
I,N, 07/15/2020:22:12:57,-18.5196,40.571
I,N, 07/15/2020:22:13:07,-17.86,40.9426
I,N, 07/15/2020:22:13:17,-17.1927,41.3099
I,N, 07/15/2020:22:13:27,-16.4834,41.6908
I,N, 07/15/2020:22:13:37,-15.7996,42.0489
I,N, 07/15/2020:22:13:47,-15.1074,42.4025
I,N, 07/15/2020:22:13:58,-14.3718,42.7685
I,N, 07/15/2020:22:14:08,-13.6626,43.1122
I,N, 07/15/2020:22:14:18,-12.945,43.4509
I,N, 07/15/2020:22:14:28,-12.219,43.7845
I,N, 07/15/2020:22:14:39,-11.4475,44.1292
I,N, 07/15/2020:22:14:49,-10.7035,44.4521
I,N, 07/15/2020:22:14:59,-9.9511,44.7695
I,N, 07/15/2020:22:15:09,-9.19,45.0813
I,N, 07/15/2020:22:15:19,-8.3815,45.4025
I,N, 07/15/2020:22:15:29,-7.6025,45.7025
I,N, 07/15/2020:22:15:39,-6.8148,45.9966
I,N, 07/15/2020:22:15:50,-5.9782,46.2987
I,N, 07/15/2020:22:16:00,-5.1724,46.5802
I,N, 07/15/2020:22:16:10,-4.3578,46.8553
I,N, 07/15/2020:22:16:20,-3.5345,47.124
I,N, 07/15/2020:22:16:30,-2.6607,47.399
I,N, 07/15/2020:22:16:40,-1.8197,47.654
I,N, 07/15/2020:22:16:50,-0.9702,47.9022
I,N, 07/15/2020:22:17:00,-0.112,48.1434
I,N, 07/15/2020:22:17:11,0.7982,48.3891
I,N, 07/15/2020:22:17:21,1.6734,48.6156
I,N, 07/15/2020:22:17:31,2.5566,48.8347
I,N, 07/15/2020:22:17:41,3.4479,49.0464
I,N, 07/15/2020:22:17:52,4.3922,49.2605
I,N, 07/15/2020:22:18:02,5.2994,49.4565
I,N, 07/15/2020:22:18:12,6.2141,49.6447
I,N, 07/15/2020:22:18:22,7.1822,49.8337
I,N, 07/15/2020:22:18:32,8.1117,50.0054
I,N, 07/15/2020:22:18:42,9.0479,50.169
I,N, 07/15/2020:22:18:52,9.9905,50.3243
I,N, 07/15/2020:22:19:03,10.9871,50.4783
I,N, 07/15/2020:22:19:13,11.9424,50.6164
I,N, 07/15/2020:22:19:23,12.9035,50.7458
I,N, 07/15/2020:22:19:33,13.8699,50.8666
I,N, 07/15/2020:22:19:43,14.8899,50.984
I,N, 07/15/2020:22:19:53,15.8662,51.0868
I,N, 07/15/2020:22:20:03,16.8471,51.1807
I,N, 07/15/2020:22:20:13,17.8319,51.2656
I,N, 07/15/2020:22:20:24,18.8698,51.3451
I,N, 07/15/2020:22:20:34,19.8613,51.4115
I,N, 07/15/2020:22:20:44,20.8557,51.4688
I,N, 07/15/2020:22:20:55,21.9024,51.519
I,N, 07/15/2020:22:21:05,22.9014,51.5575
I,N, 07/15/2020:22:21:15,23.9019,51.5867
I,N, 07/15/2020:22:21:25,24.9035,51.6066
I,N, 07/15/2020:22:21:35,25.956,51.6176
I,N, 07/15/2020:22:21:45,26.9587,51.6185
I,N, 07/15/2020:22:21:55,27.9611,51.6102
I,N, 07/15/2020:22:22:05,28.9629,51.5926
I,N, 07/15/2020:22:22:16,30.0138,51.5641
I,N, 07/15/2020:22:22:26,31.013,51.5276
I,N, 07/15/2020:22:22:36,32.0105,51.4818
I,N, 07/15/2020:22:22:46,33.0552,51.4239
I,N, 07/15/2020:22:22:56,34.0474,51.3593
I,N, 07/15/2020:22:23:06,35.0365,51.2857
I,N, 07/15/2020:22:23:16,36.022,51.203
I,N, 07/15/2020:22:23:27,37.0528,51.1066
I,N, 07/15/2020:22:23:37,38.0301,51.0056
I,N, 07/15/2020:22:23:47,39.0029,50.8957
I,N, 07/15/2020:22:23:57,39.9707,50.7772
I,N, 07/15/2020:22:24:08,40.981,50.6433
I,N, 07/15/2020:22:24:18,41.9374,50.507
I,N, 07/15/2020:22:24:28,42.888,50.3622
I,N, 07/15/2020:22:24:38,43.8795,50.2012
I,N, 07/15/2020:22:24:48,44.8171,50.0392
I,N, 07/15/2020:22:24:58,45.7481,49.8691
I,N, 07/15/2020:22:25:08,46.6719,49.6909
I,N, 07/15/2020:22:25:19,47.6341,49.4952
I,N, 07/15/2020:22:25:29,48.5429,49.3008
I,N, 07/15/2020:22:25:39,49.4441,49.0986
I,N, 07/15/2020:22:25:49,50.3375,48.8888
I,N, 07/15/2020:22:25:59,51.267,48.6604
I,N, 07/15/2020:22:26:09,52.1437,48.4354
I,N, 07/15/2020:22:26:19,53.0123,48.2031
I,N, 07/15/2020:22:26:29,53.8726,47.9636
I,N, 07/15/2020:22:26:40,54.7669,47.7046
I,N, 07/15/2020:22:26:50,55.6098,47.4509
I,N, 07/15/2020:22:27:00,56.4443,47.1904
I,N, 07/15/2020:22:27:11,57.311,46.9098
I,N, 07/15/2020:22:27:21,58.1273,46.636
I,N, 07/15/2020:22:27:31,58.9349,46.3558
I,N, 07/15/2020:22:27:41,59.7337,46.0694
I,N, 07/15/2020:22:27:51,60.5632,45.762
I,N, 07/15/2020:22:28:01,61.3441,45.4631
I,N, 07/15/2020:22:28:11,62.1161,45.1585
I,N, 07/15/2020:22:28:21,62.8796,44.848
I,N, 07/15/2020:22:28:32,63.6716,44.516
I,N, 07/15/2020:22:28:42,64.4171,44.1943
I,N, 07/15/2020:22:28:52,65.154,43.8672
I,N, 07/15/2020:22:29:02,65.9185,43.5181
I,N, 07/15/2020:22:29:12,66.6378,43.1803
I,N, 07/15/2020:22:29:22,67.3487,42.8376
I,N, 07/15/2020:22:29:32,68.0513,42.4899
I,N, 07/15/2020:22:29:43,68.7801,42.1198
I,N, 07/15/2020:22:29:53,69.4657,41.7625
I,N, 07/15/2020:22:30:03,70.1431,41.4007
I,N, 07/15/2020:22:30:13,70.8126,41.0345
I,N, 07/15/2020:22:30:24,71.507,40.6453
I,N, 07/15/2020:22:30:34,72.1603,40.2703
I,N, 07/15/2020:22:30:44,72.8059,39.8912
I,N, 07/15/2020:22:30:54,73.4439,39.508
I,N, 07/15/2020:22:31:04,74.1057,39.1015
I,N, 07/15/2020:22:31:14,74.7285,38.7104
I,N, 07/15/2020:22:31:24,75.3439,38.3156
I,N, 07/15/2020:22:31:35,75.9824,37.8971
I,N, 07/15/2020:22:31:45,76.5833,37.495
I,N, 07/15/2020:22:31:55,77.1774,37.0893
I,N, 07/15/2020:22:32:05,77.7645,36.6803
I,N, 07/15/2020:22:32:15,78.3738,36.2474
I,N, 07/15/2020:22:32:25,78.9473,35.8319
I,N, 07/15/2020:22:32:35,79.5144,35.4132
I,N, 07/15/2020:22:32:45,80.0753,34.9914
I,N, 07/15/2020:22:32:56,80.6574,34.5454
I,N, 07/15/2020:22:33:06,81.2055,34.1178
I,N, 07/15/2020:22:33:16,81.7477,33.6873
I,N, 07/15/2020:22:33:26,82.3107,33.2324
I,N, 07/15/2020:22:33:37,82.841,32.7965
I,N, 07/15/2020:22:33:47,83.3656,32.358
I,N, 07/15/2020:22:33:57,83.8849,31.9169
I,N, 07/15/2020:22:34:07,84.4242,31.4512
I,N, 07/15/2020:22:34:17,84.9325,31.0052
I,N, 07/15/2020:22:34:27,85.4357,30.5569
I,N, 07/15/2020:22:34:37,85.9338,30.1064
I,N, 07/15/2020:22:34:48,86.4515,29.6309
I,N, 07/15/2020:22:34:58,86.9397,29.1759
I,N, 07/15/2020:22:35:08,87.4231,28.7189
I,N, 07/15/2020:22:35:18,87.902,28.2599
I,N, 07/15/2020:22:35:28,88.3999,27.7758
I,N, 07/15/2020:22:35:38,88.8697,27.3128
I,N, 07/15/2020:22:35:48,89.3352,26.8479
I,N, 07/15/2020:22:35:59,89.8194,26.3579
I,N, 07/15/2020:22:36:09,90.2765,25.8894
I,N, 07/15/2020:22:36:19,90.7295,25.4193
I,N, 07/15/2020:22:36:29,91.1788,24.9475
I,N, 07/15/2020:22:36:39,91.6464,24.4504
I,N, 07/15/2020:22:36:50,92.0881,23.9753
I,N, 07/15/2020:22:37:00,92.5261,23.4988
I,N, 07/15/2020:22:37:10,92.9607,23.0208
I,N, 07/15/2020:22:37:20,93.4133,22.5175
I,N, 07/15/2020:22:37:30,93.841,22.0367
I,N, 07/15/2020:22:37:40,94.2655,21.5545
I,N, 07/15/2020:22:37:51,94.7079,21.0469
I,N, 07/15/2020:22:38:01,95.1262,20.5622
I,N, 07/15/2020:22:38:11,95.5414,20.0763
I,N, 07/15/2020:22:38:21,95.9539,19.5892
I,N, 07/15/2020:22:38:31,96.3841,19.0765
I,N, 07/15/2020:22:38:41,96.791,18.5872
I,N, 07/15/2020:22:38:51,97.1953,18.0968
I,N, 07/15/2020:22:39:01,97.5972,17.6054
I,N, 07/15/2020:22:39:12,98.0165,17.0884
I,N, 07/15/2020:22:39:22,98.4134,16.595
I,N, 07/15/2020:22:39:32,98.8081,16.1007
I,N, 07/15/2020:22:39:42,99.2202,15.5807
I,N, 07/15/2020:22:39:52,99.6105,15.0846
I,N, 07/15/2020:22:40:02,99.9988,14.5878
I,N, 07/15/2020:22:40:13,100.3852,14.0901
I,N, 07/15/2020:22:40:23,100.7888,13.5668
I,N, 07/15/2020:22:40:33,101.1714,13.0676
I,N, 07/15/2020:22:40:43,101.5522,12.5678
I,N, 07/15/2020:22:40:53,101.9314,12.0673
I,N, 07/15/2020:22:41:04,102.3279,11.5411
I,N, 07/15/2020:22:41:14,102.704,11.0394
I,N, 07/15/2020:22:41:24,103.0786,10.5371
I,N, 07/15/2020:22:41:34,103.4518,10.0343
I,N, 07/15/2020:22:41:44,103.8423,9.5058
I,N, 07/15/2020:22:41:54,104.2129,9.0019
I,N, 07/15/2020:22:42:04,104.5826,8.4975
I,N, 07/15/2020:22:42:15,104.9694,7.9675
I,N, 07/15/2020:22:42:25,105.3366,7.4624
I,N, 07/15/2020:22:42:35,105.703,6.957
I,N, 07/15/2020:22:42:45,106.0685,6.4511
I,N, 07/15/2020:22:42:55,106.4514,5.9196
I,N, 07/15/2020:22:43:05,106.8153,5.4131
I,N, 07/15/2020:22:43:15,107.1785,4.9064
I,N, 07/15/2020:22:43:26,107.5411,4.3995
I,N, 07/15/2020:22:43:36,107.9212,3.867
I,N, 07/15/2020:22:43:46,108.2826,3.3597
I,N, 07/15/2020:22:43:56,108.6436,2.8523
I,N, 07/15/2020:22:44:07,109.0223,2.3192
I,N, 07/15/2020:22:44:17,109.3827,1.8116
I,N, 07/15/2020:22:44:27,109.7428,1.3038
I,N, 07/15/2020:22:44:37,110.1027,0.7959
I,N, 07/15/2020:22:44:47,110.4806,0.2626
I,N, 07/15/2020:22:44:57,110.8403,-0.2452
I,N, 07/15/2020:22:45:07,111.2001,-0.753
I,N, 07/15/2020:22:45:17,111.56,-1.2608
I,N, 07/15/2020:22:45:28,111.9381,-1.7939
I,N, 07/15/2020:22:45:38,112.2984,-2.3015
I,N, 07/15/2020:22:45:48,112.6589,-2.809
I,N, 07/15/2020:22:45:58,113.0198,-3.3164
I,N, 07/15/2020:22:46:08,113.3992,-3.8489
I,N, 07/15/2020:22:46:18,113.761,-4.3558
I,N, 07/15/2020:22:46:28,114.1233,-4.8626
I,N, 07/15/2020:22:46:39,114.5044,-5.3944
I,N, 07/15/2020:22:46:49,114.868,-5.9005
I,N, 07/15/2020:22:46:59,115.2323,-6.4063
I,N, 07/15/2020:22:47:09,115.5975,-6.9118
I,N, 07/15/2020:22:47:20,115.9818,-7.4422
I,N, 07/15/2020:22:47:30,116.3488,-7.947
I,N, 07/15/2020:22:47:40,116.7168,-8.4514
I,N, 07/15/2020:22:47:50,117.0859,-8.9553
I,N, 07/15/2020:22:48:00,117.4747,-9.484
I,N, 07/15/2020:22:48:10,117.8461,-9.9869
I,N, 07/15/2020:22:48:20,118.2189,-10.4894
I,N, 07/15/2020:22:48:31,118.6117,-11.0164
I,N, 07/15/2020:22:48:41,118.9872,-11.5176
I,N, 07/15/2020:22:48:51,119.3642,-12.0182
I,N, 07/15/2020:22:49:01,119.7429,-12.5183
I,N, 07/15/2020:22:49:11,120.1421,-13.0425
I,N, 07/15/2020:22:49:21,120.524,-13.5411
I,N, 07/15/2020:22:49:31,120.9078,-14.0389
I,N, 07/15/2020:22:49:41,121.2934,-14.536
I,N, 07/15/2020:22:49:52,121.7004,-15.0572
I,N, 07/15/2020:22:50:02,122.09,-15.5526
I,N, 07/15/2020:22:50:12,122.4818,-16.0474
I,N, 07/15/2020:22:50:23,122.8955,-16.5658
I,N, 07/15/2020:22:50:33,123.2916,-17.0585
I,N, 07/15/2020:22:50:43,123.6901,-17.5503
I,N, 07/15/2020:22:50:53,124.091,-18.0411
I,N, 07/15/2020:22:51:03,124.5146,-18.5553
I,N, 07/15/2020:22:51:13,124.9206,-19.0439
I,N, 07/15/2020:22:51:23,125.3293,-19.5315
I,N, 07/15/2020:22:51:33,125.7407,-20.0179
I,N, 07/15/2020:22:51:44,126.1757,-20.5274
I,N, 07/15/2020:22:51:54,126.5928,-21.0113
I,N, 07/15/2020:22:52:04,127.013,-21.4939
I,N, 07/15/2020:22:52:14,127.4575,-21.9994
I,N, 07/15/2020:22:52:24,127.8841,-22.4794
I,N, 07/15/2020:22:52:34,128.3139,-22.958
I,N, 07/15/2020:22:52:44,128.7471,-23.4352
I,N, 07/15/2020:22:52:55,129.2057,-23.9348
I,N, 07/15/2020:22:53:05,129.646,-24.4091
I,N, 07/15/2020:22:53:15,130.09,-24.8817
I,N, 07/15/2020:22:53:25,130.5377,-25.3528
I,N, 07/15/2020:22:53:36,131.0118,-25.8456
I,N, 07/15/2020:22:53:46,131.4674,-26.3132
I,N, 07/15/2020:22:53:56,131.927,-26.7791
I,N, 07/15/2020:22:54:06,132.3908,-27.2432
I,N, 07/15/2020:22:54:16,132.8821,-27.7284
I,N, 07/15/2020:22:54:26,133.3546,-28.1886
I,N, 07/15/2020:22:54:36,133.8315,-28.6469
I,N, 07/15/2020:22:54:47,134.3371,-29.1259
I,N, 07/15/2020:22:54:57,134.8234,-29.5799
I,N, 07/15/2020:22:55:07,135.3144,-30.0318
I,N, 07/15/2020:22:55:17,135.8104,-30.4816
I,N, 07/15/2020:22:55:27,136.3364,-30.9515
I,N, 07/15/2020:22:55:37,136.8427,-31.3966
I,N, 07/15/2020:22:55:47,137.3541,-31.8393
I,N, 07/15/2020:22:55:57,137.8709,-32.2797
I,N, 07/15/2020:22:56:08,138.4193,-32.7393
I,N, 07/15/2020:22:56:18,138.9474,-33.1745
I,N, 07/15/2020:22:56:28,139.4811,-33.607
I,N, 07/15/2020:22:56:39,140.0477,-34.0582
I,N, 07/15/2020:22:56:49,140.5934,-34.4851
I,N, 07/15/2020:22:56:59,141.145,-34.909
I,N, 07/15/2020:22:57:09,141.7028,-35.3302
I,N, 07/15/2020:22:57:19,142.2953,-35.7691
I,N, 07/15/2020:22:57:29,142.8662,-36.184
I,N, 07/15/2020:22:57:39,143.4434,-36.5957
I,N, 07/15/2020:22:57:49,144.0273,-37.0041
I,N, 07/15/2020:22:58:00,144.6475,-37.4292
I,N, 07/15/2020:22:58:10,145.2452,-37.8307
I,N, 07/15/2020:22:58:20,145.8498,-38.2286
I,N, 07/15/2020:22:58:30,146.4616,-38.623
I,N, 07/15/2020:22:58:40,147.1118,-39.0331
I,N, 07/15/2020:22:58:50,147.7385,-39.4199
I,N, 07/15/2020:22:59:00,148.3725,-39.8027
I,N, 07/15/2020:22:59:11,149.0464,-40.2004
I,N, 07/15/2020:22:59:21,149.6961,-40.575
I,N, 07/15/2020:22:59:31,150.3534,-40.9453
I,N, 07/15/2020:22:59:41,151.0186,-41.3115
I,N, 07/15/2020:22:59:52,151.7257,-41.6912
I,N, 07/15/2020:23:00:02,152.4071,-42.0481
I,N, 07/15/2020:23:00:12,153.0968,-42.4005
I,N, 07/15/2020:23:00:22,153.7947,-42.7481
I,N, 07/15/2020:23:00:32,154.5363,-43.108
I,N, 07/15/2020:23:00:42,155.2515,-43.4458
I,N, 07/15/2020:23:00:52,155.9748,-43.7783
I,N, 07/15/2020:23:01:02,156.7067,-44.1058
I,N, 07/15/2020:23:01:13,157.4844,-44.4439
I,N, 07/15/2020:23:01:23,158.2338,-44.7603
I,N, 07/15/2020:23:01:33,158.9918,-45.0712
I,N, 07/15/2020:23:01:43,159.7972,-45.3916
I,N, 07/15/2020:23:01:53,160.573,-45.6907
I,N, 07/15/2020:23:02:03,161.3576,-45.984
I,N, 07/15/2020:23:02:13,162.1508,-46.2712
I,N, 07/15/2020:23:02:24,162.9931,-46.5662
I,N, 07/15/2020:23:02:34,163.8041,-46.8407
I,N, 07/15/2020:23:02:44,164.6238,-47.1087
I,N, 07/15/2020:23:02:54,165.452,-47.3702
I,N, 07/15/2020:23:03:05,166.331,-47.6377
I,N, 07/15/2020:23:03:15,167.1768,-47.8854
I,N, 07/15/2020:23:03:25,168.0311,-48.1263
I,N, 07/15/2020:23:03:35,168.937,-48.3716
I,N, 07/15/2020:23:03:45,169.8081,-48.5978
I,N, 07/15/2020:23:03:55,170.6873,-48.8167
I,N, 07/15/2020:23:04:05,171.5744,-49.0283
I,N, 07/15/2020:23:04:16,172.5145,-49.2423
I,N, 07/15/2020:23:04:26,173.4174,-49.4383
I,N, 07/15/2020:23:04:36,174.3277,-49.6265
I,N, 07/15/2020:23:04:46,175.2453,-49.8068
I,N, 07/15/2020:23:04:56,176.2162,-49.9876
I,N, 07/15/2020:23:05:06,177.1479,-50.1514
I,N, 07/15/2020:23:05:16,178.0862,-50.307
I,N, 07/15/2020:23:05:26,179.0307,-50.4543
I,N, 07/15/2020:23:05:37,-179.9711,-50.6
I,N, 07/15/2020:23:05:47,-179.0147,-50.73
I,N, 07/15/2020:23:05:57,-178.0527,-50.8515
I,N, 07/15/2020:23:06:07,-177.037,-50.9697
I,N, 07/15/2020:23:06:18,-176.0652,-51.0732
I,N, 07/15/2020:23:06:28,-175.0889,-51.168
I,N, 07/15/2020:23:06:38,-174.1088,-51.2539
I,N, 07/15/2020:23:06:48,-173.0757,-51.3345
I,N, 07/15/2020:23:06:58,-172.0885,-51.402
I,N, 07/15/2020:23:07:08,-171.0985,-51.4604
I,N, 07/15/2020:23:07:18,-170.106,-51.5098
I,N, 07/15/2020:23:07:29,-169.0617,-51.5518
I,N, 07/15/2020:23:07:39,-168.0656,-51.5824
I,N, 07/15/2020:23:07:49,-167.0682,-51.6038
I,N, 07/15/2020:23:07:59,-166.0701,-51.6161
I,N, 07/15/2020:23:08:09,-165.0217,-51.619
I,N, 07/15/2020:23:08:19,-164.0233,-51.6124
I,N, 07/15/2020:23:08:29,-163.0256,-51.5966
I,N, 07/15/2020:23:08:40,-161.9787,-51.5701
I,N, 07/15/2020:23:08:50,-160.9831,-51.5355
I,N, 07/15/2020:23:09:00,-159.9894,-51.4917
I,N, 07/15/2020:23:09:10,-158.9979,-51.4388
I,N, 07/15/2020:23:09:20,-157.9597,-51.3735
I,N, 07/15/2020:23:09:31,-156.9738,-51.3021
I,N, 07/15/2020:23:09:41,-155.9914,-51.2217
I,N, 07/15/2020:23:09:51,-155.0128,-51.1323
I,N, 07/15/2020:23:10:01,-153.9897,-51.029
I,N, 07/15/2020:23:10:11,-153.02,-50.9216
I,N, 07/15/2020:23:10:21,-152.0551,-50.8055
I,N, 07/15/2020:23:10:32,-151.0474,-50.6742
I,N, 07/15/2020:23:10:42,-150.0933,-50.5405
I,N, 07/15/2020:23:10:52,-149.145,-50.3983
I,N, 07/15/2020:23:11:02,-148.2031,-50.2477
I,N, 07/15/2020:23:11:12,-147.2208,-50.0808
I,N, 07/15/2020:23:11:22,-146.2921,-49.9134
I,N, 07/15/2020:23:11:32,-145.37,-49.7379
I,N, 07/15/2020:23:11:42,-144.4552,-49.5545
I,N, 07/15/2020:23:11:53,-143.5026,-49.3536
I,N, 07/15/2020:23:12:03,-142.603,-49.1542
I,N, 07/15/2020:23:12:13,-141.7111,-48.9473
I,N, 07/15/2020:23:12:23,-140.827,-48.7329
I,N, 07/15/2020:23:12:33,-139.9074,-48.4998
I,N, 07/15/2020:23:12:44,-139.0399,-48.2704
I,N, 07/15/2020:23:12:54,-138.1806,-48.0339
I,N, 07/15/2020:23:13:04,-137.2875,-47.7781
I,N, 07/15/2020:23:13:14,-136.4454,-47.5274
I,N, 07/15/2020:23:13:24,-135.6118,-47.2699
I,N, 07/15/2020:23:13:34,-134.7869,-47.0059
I,N, 07/15/2020:23:13:45,-133.93,-46.7217
I,N, 07/15/2020:23:13:55,-133.1228,-46.4444
I,N, 07/15/2020:23:14:05,-132.3243,-46.161
I,N, 07/15/2020:23:14:15,-131.5345,-45.8714
I,N, 07/15/2020:23:14:25,-130.7145,-45.561
I,N, 07/15/2020:23:14:35,-129.9425,-45.2593
I,N, 07/15/2020:23:14:45,-129.1791,-44.9518
I,N, 07/15/2020:23:14:56,-128.3869,-44.623
I,N, 07/15/2020:23:15:06,-127.6413,-44.3042
I,N, 07/15/2020:23:15:16,-126.9043,-43.98
I,N, 07/15/2020:23:15:26,-126.1759,-43.6507
I,N, 07/15/2020:23:15:36,-125.4201,-43.2993
I,N, 07/15/2020:23:15:46,-124.7088,-42.9595
I,N, 07/15/2020:23:15:57,-124.0059,-42.6148
I,N, 07/15/2020:23:16:07,-123.3112,-42.2653
I,N, 07/15/2020:23:16:17,-122.5905,-41.8933
I,N, 07/15/2020:23:16:27,-121.9124,-41.5343
I,N, 07/15/2020:23:16:37,-121.2425,-41.171
I,N, 07/15/2020:23:16:47,-120.5804,-40.8032
I,N, 07/15/2020:23:16:58,-119.8937,-40.4126
I,N, 07/15/2020:23:17:08,-119.2476,-40.0363
I,N, 07/15/2020:23:17:18,-118.609,-39.656
I,N, 07/15/2020:23:17:28,-117.9465,-39.2524
I,N, 07/15/2020:23:17:38,-117.3232,-38.8641
I,N, 07/15/2020:23:17:48,-116.7071,-38.4721
I,N, 07/15/2020:23:17:58,-116.0981,-38.0764
I,N, 07/15/2020:23:18:09,-115.4663,-37.6571
I,N, 07/15/2020:23:18:19,-114.8716,-37.2541
I,N, 07/15/2020:23:18:29,-114.2837,-36.8478
I,N, 07/15/2020:23:18:39,-113.7025,-36.4382
I,N, 07/15/2020:23:18:49,-113.0994,-36.0047
I,N, 07/15/2020:23:18:59,-112.5315,-35.5886
I,N, 07/15/2020:23:19:09,-111.97,-35.1695
I,N, 07/15/2020:23:19:20,-111.4147,-34.7474
I,N, 07/15/2020:23:19:30,-110.8381,-34.301
I,N, 07/15/2020:23:19:40,-110.2951,-33.873
I,N, 07/15/2020:23:19:50,-109.758,-33.4423
I,N, 07/15/2020:23:20:01,-109.2002,-32.9871
I,N, 07/15/2020:23:20:11,-108.6747,-32.551
I,N, 07/15/2020:23:20:21,-108.1547,-32.1123
I,N, 07/15/2020:23:20:31,-107.6401,-31.6712
I,N, 07/15/2020:23:20:41,-107.1055,-31.2054
I,N, 07/15/2020:23:20:51,-106.6016,-30.7594
I,N, 07/15/2020:23:21:01,-106.1027,-30.3111
I,N, 07/15/2020:23:21:11,-105.6088,-29.8606
I,N, 07/15/2020:23:21:22,-105.0954,-29.3854
I,N, 07/15/2020:23:21:32,-104.6113,-28.9305
I,N, 07/15/2020:23:21:42,-104.1317,-28.4736
I,N, 07/15/2020:23:21:52,-103.6329,-27.9917
I,N, 07/15/2020:23:22:02,-103.1624,-27.5307
I,N, 07/15/2020:23:22:12,-102.6963,-27.068
I,N, 07/15/2020:23:22:22,-102.2342,-26.6033
I,N, 07/15/2020:23:22:33,-101.7534,-26.1135
I,N, 07/15/2020:23:22:43,-101.2995,-25.6451
I,N, 07/15/2020:23:22:53,-100.8496,-25.1752
I,N, 07/15/2020:23:23:03,-100.4035,-24.7037
I,N, 07/15/2020:23:23:14,-99.939,-24.2069
I,N, 07/15/2020:23:23:24,-99.5004,-23.7322
I,N, 07/15/2020:23:23:34,-99.0652,-23.256
I,N, 07/15/2020:23:23:44,-98.6334,-22.7783
I,N, 07/15/2020:23:23:54,-98.1835,-22.2752
I,N, 07/15/2020:23:24:04,-97.7584,-21.7947
I,N, 07/15/2020:23:24:14,-97.3363,-21.3129
I,N, 07/15/2020:23:24:25,-96.8965,-20.8057
I,N, 07/15/2020:23:24:35,-96.4807,-20.3213
I,N, 07/15/2020:23:24:45,-96.0677,-19.8358
I,N, 07/15/2020:23:24:55,-95.6574,-19.3491
I,N, 07/15/2020:23:25:05,-95.2295,-18.8367
I,N, 07/15/2020:23:25:15,-94.8247,-18.3478
I,N, 07/15/2020:23:25:25,-94.4223,-17.8577
I,N, 07/15/2020:23:25:35,-94.0224,-17.3666
I,N, 07/15/2020:23:25:46,-93.6052,-16.85
I,N, 07/15/2020:23:25:56,-93.2099,-16.3569
I,N, 07/15/2020:23:26:06,-92.817,-15.863
I,N, 07/15/2020:23:26:17,-92.4067,-15.3434
I,N, 07/15/2020:23:26:27,-92.018,-14.8477
I,N, 07/15/2020:23:26:37,-91.6313,-14.3513
I,N, 07/15/2020:23:26:47,-91.2466,-13.854
I,N, 07/15/2020:23:26:57,-90.8445,-13.3311
I,N, 07/15/2020:23:27:07,-90.4633,-12.8324
I,N, 07/15/2020:23:27:17,-90.0838,-12.3329
I,N, 07/15/2020:23:27:27,-89.706,-11.8328
I,N, 07/15/2020:23:27:38,-89.3109,-11.307
I,N, 07/15/2020:23:27:48,-88.936,-10.8057
I,N, 07/15/2020:23:27:58,-88.5626,-10.3038
I,N, 07/15/2020:23:28:08,-88.1904,-9.8012
I,N, 07/15/2020:23:28:18,-87.801,-9.2731
I,N, 07/15/2020:23:28:28,-87.4313,-8.7696
I,N, 07/15/2020:23:28:38,-87.0628,-8.2657
I,N, 07/15/2020:23:28:49,-86.677,-7.7361
I,N, 07/15/2020:23:28:59,-86.3105,-7.2313
I,N, 07/15/2020:23:29:09,-85.9449,-6.7261
I,N, 07/15/2020:23:29:19,-85.5802,-6.2206
I,N, 07/15/2020:23:29:30,-85.198,-5.6894
I,N, 07/15/2020:23:29:40,-84.8347,-5.1832
I,N, 07/15/2020:23:29:50,-84.4721,-4.6767
I,N, 07/15/2020:23:30:00,-84.11,-4.17
I,N, 07/15/2020:23:30:10,-83.7305,-3.6378
I,N, 07/15/2020:23:30:20,-83.3694,-3.1306
I,N, 07/15/2020:23:30:30,-83.0088,-2.6233
I,N, 07/15/2020:23:30:41,-82.6304,-2.0906
I,N, 07/15/2020:23:30:51,-82.2704,-1.5831
I,N, 07/15/2020:23:31:01,-81.9105,-1.0755
I,N, 07/15/2020:23:31:11,-81.5508,-0.5678
I,N, 07/15/2020:23:31:21,-81.1731,-0.0347
I,N, 07/15/2020:23:31:31,-80.8134,0.473
I,N, 07/15/2020:23:31:41,-80.4536,0.9808
I,N, 07/15/2020:23:31:51,-80.0936,1.4886
I,N, 07/15/2020:23:32:02,-79.7156,2.0215
I,N, 07/15/2020:23:32:12,-79.3552,2.529
I,N, 07/15/2020:23:32:22,-78.9945,3.0364
I,N, 07/15/2020:23:32:33,-78.6154,3.5691
I,N, 07/15/2020:23:32:43,-78.2538,4.0763
I,N, 07/15/2020:23:32:53,-77.8917,4.5832
I,N, 07/15/2020:23:33:03,-77.529,5.0899
I,N, 07/15/2020:23:33:13,-77.1475,5.6217
I,N, 07/15/2020:23:33:23,-76.7835,6.1279
I,N, 07/15/2020:23:33:33,-76.4187,6.6337
I,N, 07/15/2020:23:33:43,-76.0529,7.1395
I,N, 07/15/2020:23:33:54,-75.668,7.6699
I,N, 07/15/2020:23:34:04,-75.3003,8.1747
I,N, 07/15/2020:23:34:14,-74.9317,8.6791
I,N, 07/15/2020:23:34:24,-74.5618,9.1831
I,N, 07/15/2020:23:34:34,-74.1723,9.7118
I,N, 07/15/2020:23:34:44,-73.8001,10.2148
I,N, 07/15/2020:23:34:54,-73.4264,10.7173
I,N, 07/15/2020:23:35:05,-73.0326,11.2444
I,N, 07/15/2020:23:35:15,-72.6561,11.7457
I,N, 07/15/2020:23:35:25,-72.2781,12.2464
I,N, 07/15/2020:23:35:35,-71.8984,12.7465
I,N, 07/15/2020:23:35:46,-71.4979,13.271
I,N, 07/15/2020:23:35:56,-71.1147,13.7698
I,N, 07/15/2020:23:36:06,-70.7296,14.2678
I,N, 07/15/2020:23:36:16,-70.3427,14.7652
I,N, 07/15/2020:23:36:26,-69.9342,15.2865
I,N, 07/15/2020:23:36:36,-69.5432,15.7821
I,N, 07/15/2020:23:36:46,-69.15,16.2769
I,N, 07/15/2020:23:36:57,-68.7348,16.7954
I,N, 07/15/2020:23:37:07,-68.337,17.2882
I,N, 07/15/2020:23:37:17,-67.9369,17.7801
I,N, 07/15/2020:23:37:27,-67.5343,18.2711
I,N, 07/15/2020:23:37:37,-67.1088,18.7855
I,N, 07/15/2020:23:37:47,-66.7009,19.2743
I,N, 07/15/2020:23:37:57,-66.2903,19.762
I,N, 07/15/2020:23:38:07,-65.8769,20.2486
I,N, 07/15/2020:23:38:18,-65.4398,20.7582
I,N, 07/15/2020:23:38:28,-65.0205,21.2423
I,N, 07/15/2020:23:38:38,-64.5981,21.7251
I,N, 07/15/2020:23:38:48,-64.1512,22.2307
I,N, 07/15/2020:23:38:59,-63.7223,22.7108
I,N, 07/15/2020:23:39:09,-63.2901,23.1896
I,N, 07/15/2020:23:39:19,-62.8544,23.667
I,N, 07/15/2020:23:39:29,-62.3932,24.1666
I,N, 07/15/2020:23:39:39,-61.9502,24.6409
I,N, 07/15/2020:23:39:49,-61.5035,25.1137
I,N, 07/15/2020:23:39:59,-61.053,25.5848
I,N, 07/15/2020:23:40:10,-60.5759,26.0777
I,N, 07/15/2020:23:40:20,-60.1173,26.5454
I,N, 07/15/2020:23:40:30,-59.6546,27.0114
I,N, 07/15/2020:23:40:40,-59.1877,27.4755
I,N, 07/15/2020:23:40:50,-58.6928,27.9609
I,N, 07/15/2020:23:41:00,-58.2168,28.4212
I,N, 07/15/2020:23:41:10,-57.7365,28.8795
I,N, 07/15/2020:23:41:21,-57.2271,29.3585
I,N, 07/15/2020:23:41:31,-56.7372,29.8125
I,N, 07/15/2020:23:41:41,-56.2424,30.2644
I,N, 07/15/2020:23:41:51,-55.7426,30.7141
I,N, 07/15/2020:23:42:01,-55.212,31.1841
I,N, 07/15/2020:23:42:12,-54.7018,31.6291
I,N, 07/15/2020:23:42:22,-54.1862,32.0716
I,N, 07/15/2020:23:42:32,-53.6652,32.5117
I,N, 07/15/2020:23:42:42,-53.1122,32.971
I,N, 07/15/2020:23:42:52,-52.5798,33.4059
I,N, 07/15/2020:23:43:02,-52.0415,33.838
I,N, 07/15/2020:23:43:13,-51.47,34.2888
I,N, 07/15/2020:23:43:23,-50.9196,34.7153
I,N, 07/15/2020:23:43:33,-50.3628,35.139
I,N, 07/15/2020:23:43:43,-49.7998,35.5596
I,N, 07/15/2020:23:43:53,-49.2019,35.998
I,N, 07/15/2020:23:44:03,-48.6259,36.4122
I,N, 07/15/2020:23:44:13,-48.0432,36.8232
I,N, 07/15/2020:23:44:23,-47.4538,37.231
I,N, 07/15/2020:23:44:34,-46.8276,37.6555
I,N, 07/15/2020:23:44:44,-46.2241,38.0561
I,N, 07/15/2020:23:44:54,-45.6134,38.4532
I,N, 07/15/2020:23:45:04,-44.9644,38.8663
I,N, 07/15/2020:23:45:14,-44.339,39.2558
I,N, 07/15/2020:23:45:24,-43.7061,39.6414
I,N, 07/15/2020:23:45:35,-43.0655,40.0231
I,N, 07/15/2020:23:45:45,-42.3848,40.4195
I,N, 07/15/2020:23:45:55,-41.7285,40.7928
I,N, 07/15/2020:23:46:05,-41.0643,41.1619
I,N, 07/15/2020:23:46:15,-40.3922,41.5265
I,N, 07/15/2020:23:46:26,-39.6779,41.9045
